C0,C1,C2,C3,C4,C5,TAPS,COEFFICIENT_SUM,COARSE_WORST_PASS_DB,COARSE_WORST_STOP_DB,SEARCH_VECTOR_PEAK,PRECISE_WORST_PASS_DB,PRECISE_WORST_STOP_DB,PASS
561,137,-4232,-1554,20046,35584,11,65500,0.00789968968482788,72.3715062072961,527325,NaN,NaN,0
556,139,-4219,-1583,20059,35628,11,65532,0.0028535611685155,72.3662754789268,527234,NaN,NaN,0
558,127,-4215,-1567,20056,35616,11,65534,0.0030905442377481,71.8157342332579,527259,NaN,NaN,0
563,127,-4232,-1538,20064,35567,11,65535,0.0030432527760881,72.3666469515028,527310,NaN,NaN,0
564,132,-4229,-1570,20062,35610,11,65528,0.00372932705883737,72.0512436028879,527178,NaN,NaN,0
554,134,-4204,-1573,20048,35620,11,65538,0.0032123459539855,72.3663104734492,527293,NaN,NaN,0
564,134,-4229,-1559,20064,35590,11,65538,0.00360135698574125,72.1421766512213,527216,NaN,NaN,0
547,133,-4213,-1562,20058,35599,11,65525,0.00343154411881457,72.3072523584867,527253,NaN,NaN,0
558,127,-4221,-1563,20057,35609,11,65525,0.0034433768392797,72.3660402882996,527262,NaN,NaN,0
558,130,-4220,-1548,20057,35576,11,65530,0.00366235220308546,72.3672805656297,527227,NaN,NaN,0
570,130,-4232,-1572,20062,35619,11,65535,0.00372944292462097,71.5068392918678,527224,NaN,NaN,0
564,129,-4217,-1551,20055,35584,11,65544,0.00378942880905079,71.569419658953,527249,NaN,NaN,0
561,132,-4227,-1579,20061,35620,11,65516,0.00464110562141442,71.4136107754101,527079,NaN,NaN,0
556,132,-4214,-1570,20050,35616,11,65524,0.00376346310530922,72.3671098649002,527274,NaN,NaN,0
566,131,-4242,-1575,20067,35631,11,65525,0.00344764829173722,72.3659610100873,527350,NaN,NaN,0
550,138,-4204,-1554,20050,35582,11,65542,0.00367677871688691,72.3667468772819,527313,NaN,NaN,0
548,153,-4218,-1581,20056,35620,11,65536,0.00301421242565844,72.3666492518884,527449,NaN,NaN,0
554,135,-4220,-1555,20065,35584,11,65542,0.00379945351396628,70.9911901631056,527255,NaN,NaN,0
565,124,-4219,-1559,20051,35605,11,65529,0.00400166882027173,72.3676033259127,527252,NaN,NaN,0
569,133,-4238,-1576,20061,35637,11,65535,0.00300078427906706,72.3665458547898,527458,NaN,NaN,0
559,114,-4211,-1556,20047,35618,11,65524,0.00356720701892529,72.3651648169892,527343,NaN,NaN,0
571,127,-4230,-1547,20062,35580,11,65546,0.00398436513262991,71.3628074742373,527259,NaN,NaN,0
569,115,-4244,-1544,20074,35591,11,65531,0.00390167068543198,71.5111705768364,527277,NaN,NaN,0
579,118,-4255,-1534,20075,35575,11,65541,0.00348059141537352,72.3661845906263,527370,NaN,NaN,0
561,140,-4244,-1568,20073,35593,11,65517,0.00469303554767124,71.7372040092109,527127,NaN,NaN,0
553,146,-4244,-1553,20074,35571,11,65523,0.00371184371531392,71.6210387351315,527329,NaN,NaN,0
570,131,-4245,-1544,20070,35574,11,65538,0.00370958524299461,72.3673497906134,527331,NaN,NaN,0
576,126,-4240,-1583,20062,35643,11,65525,0.00432994243192393,71.3247949533075,527210,NaN,NaN,0
559,129,-4236,-1553,20065,35600,11,65528,0.00324067956050998,72.3651033030851,527447,NaN,NaN,0
560,130,-4231,-1565,20070,35610,11,65538,0.00405560184919887,72.0238337914549,527282,NaN,NaN,0
562,133,-4238,-1531,20070,35535,11,65527,0.00484008178301574,71.0944971450772,527122,NaN,NaN,0
565,125,-4227,-1563,20053,35622,11,65528,0.00334374273644797,72.3665666535994,527430,NaN,NaN,0
561,125,-4244,-1553,20074,35593,11,65519,0.00422622337898637,72.3649841326066,527254,NaN,NaN,0
541,132,-4189,-1548,20040,35585,11,65537,0.00346476407873613,72.3653794956068,527412,NaN,NaN,0
558,134,-4213,-1563,20058,35599,11,65547,0.00430215808126297,71.1128166784961,527245,NaN,NaN,0
556,137,-4216,-1550,20060,35573,11,65547,0.00426376591194605,71.4601768737271,527264,NaN,NaN,0
554,134,-4213,-1567,20047,35625,11,65535,0.00290185929503718,72.3657836914988,527546,NaN,NaN,0
573,127,-4260,-1576,20078,35643,11,65527,0.00349771986555805,72.364589429908,527432,NaN,NaN,0
565,128,-4233,-1562,20056,35622,11,65530,0.00307746246681973,72.366269035576,527519,NaN,NaN,0
556,153,-4217,-1607,20059,35658,11,65546,0.00410871627361792,72.36643403395,527308,NaN,NaN,0
552,126,-4205,-1544,20055,35575,11,65543,0.00396641788892878,70.9773207779314,527245,NaN,NaN,0
567,117,-4215,-1571,20048,35647,11,65539,0.00350509215069802,72.1810655047326,527436,NaN,NaN,0
581,116,-4251,-1558,20062,35634,11,65534,0.00288122343781852,72.2059088044674,527582,NaN,NaN,0
561,138,-4253,-1552,20078,35571,11,65515,0.00477215638259954,72.2424652905863,527195,NaN,NaN,0
564,134,-4252,-1548,20076,35566,11,65514,0.00501096682934995,72.3679980455263,527149,NaN,NaN,0
569,128,-4239,-1563,20070,35614,11,65544,0.00397452186826839,72.3650878582884,527363,NaN,NaN,0
562,134,-4209,-1559,20049,35589,11,65543,0.00477927591184974,71.3882573973635,527200,NaN,NaN,0
558,138,-4217,-1555,20054,35581,11,65537,0.00444551673418249,72.368180166313,527269,NaN,NaN,0
552,120,-4217,-1519,20055,35530,11,65512,0.00516060219539954,72.3676283139655,527123,NaN,NaN,0
554,142,-4222,-1528,20061,35531,11,65545,0.00418348220080497,71.6472476805463,527328,NaN,NaN,0
560,116,-4211,-1534,20041,35581,11,65525,0.00370847738662782,72.367250273411,527426,NaN,NaN,0
552,112,-4202,-1497,20035,35533,11,65533,0.0026830211581157,72.3663261604245,527642,NaN,NaN,0
594,127,-4276,-1586,20085,35658,11,65546,0.00395644608294175,71.497850569966,527384,NaN,NaN,0
559,141,-4248,-1538,20069,35569,11,65535,0.00281995058869031,72.3664056770493,527627,NaN,NaN,0
539,144,-4198,-1529,20045,35534,11,65536,0.00399539648974644,72.1834255428289,527387,NaN,NaN,0
573,128,-4250,-1553,20072,35602,11,65542,0.00364756069533673,72.3658043978571,527459,NaN,NaN,0
545,149,-4193,-1640,20034,35737,11,65527,0.00327060551826494,72.3650657478772,527540,NaN,NaN,0
551,129,-4222,-1548,20063,35586,11,65532,0.00412057909473578,72.364256720797,527367,NaN,NaN,0
556,129,-4230,-1551,20064,35573,11,65509,0.005559225172663,71.8552442104338,527073,NaN,NaN,0
530,129,-4154,-1542,20007,35592,11,65532,0.00284150084259112,72.3665656695183,527636,NaN,NaN,0
558,145,-4235,-1546,20068,35553,11,65533,0.00489274765958085,71.0788395511493,527222,NaN,NaN,0
563,143,-4251,-1570,20078,35615,11,65541,0.00363338202922365,72.364963047314,527482,NaN,NaN,0
562,150,-4214,-1581,20056,35609,11,65555,0.00495952491346621,71.0505498952615,527212,NaN,NaN,0
546,144,-4222,-1557,20059,35594,11,65534,0.00336637541159877,72.3652131981845,527541,NaN,NaN,0
566,122,-4208,-1587,20045,35668,11,65544,0.00399226517397311,71.2230334531202,527413,NaN,NaN,0
566,126,-4228,-1557,20059,35611,11,65543,0.00383266119439497,72.3655582435699,527447,NaN,NaN,0
556,133,-4232,-1559,20064,35587,11,65511,0.00529570062867494,72.3674225841767,527148,NaN,NaN,0
555,128,-4199,-1553,20040,35581,11,65523,0.00543001192474997,71.9366051165449,527123,NaN,NaN,0
551,160,-4257,-1567,20079,35596,11,65528,0.00304981865807154,72.3660493324095,527611,NaN,NaN,0
555,133,-4212,-1550,20050,35568,11,65520,0.00553117274871509,72.3692009441459,527103,NaN,NaN,0
573,132,-4269,-1557,20082,35596,11,65518,0.00443366918311518,72.3670186492527,527329,NaN,NaN,0
554,145,-4228,-1549,20063,35557,11,65527,0.00508914291815806,71.1472383418459,527200,NaN,NaN,0
551,141,-4204,-1539,20049,35553,11,65549,0.00440653942196515,72.3678974086441,527342,NaN,NaN,0
558,139,-4240,-1541,20075,35563,11,65545,0.00412411521793213,72.3653583509168,527404,NaN,NaN,0
556,136,-4243,-1531,20069,35542,11,65516,0.00467129104559942,72.3678953699073,527295,NaN,NaN,0
566,133,-4218,-1589,20048,35644,11,65524,0.00515871853767093,72.2441156004676,527196,NaN,NaN,0
565,140,-4234,-1572,20063,35601,11,65525,0.00543292105955894,72.3690750817843,527140,NaN,NaN,0
560,141,-4228,-1548,20059,35575,11,65543,0.00399978652917778,72.3677487047822,527435,NaN,NaN,0
566,131,-4231,-1536,20064,35561,11,65549,0.00441465823357264,72.3670631448754,527353,NaN,NaN,0
563,130,-4236,-1553,20055,35614,11,65532,0.0027668897120287,72.3659800114623,527691,NaN,NaN,0
544,130,-4186,-1565,20027,35622,11,65522,0.00383815170699445,72.3668981128284,527474,NaN,NaN,0
562,131,-4227,-1570,20056,35606,11,65510,0.00569683169516958,72.368913000704,527094,NaN,NaN,0
565,149,-4241,-1550,20072,35561,11,65551,0.0046434465903639,71.77987283865,527316,NaN,NaN,0
563,124,-4241,-1553,20067,35609,11,65529,0.00380400023334215,72.3644243309912,527489,NaN,NaN,0
566,138,-4239,-1548,20065,35581,11,65545,0.00389723114061459,72.3672813638738,527470,NaN,NaN,0
587,136,-4249,-1653,20059,35767,11,65527,0.00434330769290109,71.4877620844416,527381,NaN,NaN,0
553,145,-4220,-1579,20050,35627,11,65525,0.00400051618482905,72.3675848348054,527456,NaN,NaN,0
563,127,-4241,-1545,20065,35574,11,65512,0.00516951277648785,72.3678686195421,527221,NaN,NaN,0
560,117,-4213,-1577,20046,35648,11,65514,0.00488926528102016,72.3657657642869,527280,NaN,NaN,0
553,139,-4233,-1555,20059,35604,11,65530,0.00305295680838901,72.3654155398471,527657,NaN,NaN,0
555,126,-4211,-1536,20055,35569,11,65547,0.00441796913640512,72.3652094003142,527380,NaN,NaN,0
564,119,-4222,-1486,20057,35478,11,65542,0.00520026068584319,72.3690663936551,527221,NaN,NaN,0
554,141,-4223,-1560,20062,35597,11,65545,0.00412883863637727,72.36544029454,527442,NaN,NaN,0
566,135,-4237,-1568,20061,35605,11,65519,0.00523131682502615,72.3688002006645,527217,NaN,NaN,0
573,175,-4251,-1664,20075,35736,11,65552,0.00453165878595314,72.3679961335474,527362,NaN,NaN,0
568,134,-4223,-1575,20053,35617,11,65531,0.00539286248416866,72.055932115526,527187,NaN,NaN,0
554,142,-4239,-1519,20067,35524,11,65534,0.00398743926001422,72.3676845888233,527475,NaN,NaN,0
537,128,-4203,-1504,20047,35505,11,65515,0.0047549192991069,72.3670601743569,527318,NaN,NaN,0
555,124,-4211,-1549,20043,35591,11,65515,0.00476997785672858,72.3677952513814,527316,NaN,NaN,0
566,117,-4238,-1566,20062,35636,11,65518,0.0043572554191296,72.364646105314,527404,NaN,NaN,0
555,132,-4224,-1531,20062,35557,11,65545,0.00414507719985898,72.3654739059298,527454,NaN,NaN,0
589,122,-4266,-1595,20078,35688,11,65544,0.00392442935755653,72.3553077356498,527503,NaN,NaN,0
558,144,-4251,-1576,20077,35627,11,65531,0.00384294395571702,72.3644031732663,527522,NaN,NaN,0
559,132,-4202,-1556,20039,35598,11,65542,0.00449153467561012,72.3682831649116,527390,NaN,NaN,0
552,144,-4219,-1563,20048,35611,11,65535,0.00327535199975193,72.3669182820709,527640,NaN,NaN,0
554,152,-4227,-1571,20059,35599,11,65533,0.0045407381199889,72.368235738425,527381,NaN,NaN,0
548,135,-4222,-1596,20062,35658,11,65512,0.00513662214769348,72.3639761102359,527259,NaN,NaN,0
553,140,-4250,-1564,20080,35594,11,65512,0.00514812501525419,71.4772398303634,527258,NaN,NaN,0
577,130,-4244,-1536,20069,35553,11,65545,0.00540780537616915,71.7292159409108,527205,NaN,NaN,0
563,126,-4213,-1533,20050,35564,11,65550,0.00453710312363878,72.3673184919034,527386,NaN,NaN,0
560,127,-4235,-1549,20056,35609,11,65527,0.00317584607153573,72.3653513048771,527665,NaN,NaN,0
581,120,-4255,-1539,20070,35570,11,65524,0.00551690253380125,72.2760808751688,527187,NaN,NaN,0
571,141,-4253,-1542,20074,35564,11,65546,0.00432072982710777,72.3680695053874,527432,NaN,NaN,0
568,136,-4236,-1574,20065,35629,11,65547,0.00425158686623726,72.3658637850247,527449,NaN,NaN,0
549,141,-4200,-1600,20038,35680,11,65536,0.00343405687159632,72.3651201979292,527618,NaN,NaN,0
551,131,-4202,-1536,20037,35575,11,65537,0.003634258008581,72.3673597057235,527577,NaN,NaN,0
571,118,-4265,-1570,20086,35630,11,65510,0.00540682876716032,72.3638145430806,527214,NaN,NaN,0
564,128,-4231,-1550,20053,35595,11,65523,0.00434095511728391,72.3679093236446,527433,NaN,NaN,0
567,131,-4261,-1551,20076,35605,11,65529,0.00341973349008494,72.3648129895792,527625,NaN,NaN,0
567,126,-4275,-1528,20093,35543,11,65509,0.00555256459534072,72.3528402008034,527194,NaN,NaN,0
562,141,-4247,-1533,20068,35557,11,65539,0.00368042809302836,72.3673589055248,527579,NaN,NaN,0
540,123,-4141,-1530,20003,35559,11,65549,0.00489483480323196,72.3459436562396,527331,NaN,NaN,0
558,129,-4249,-1525,20071,35551,11,65519,0.0042323998857114,72.3660762558984,527469,NaN,NaN,0
555,127,-4227,-1524,20055,35564,11,65536,0.00327765216819829,72.3653728457233,527665,NaN,NaN,0
560,150,-4245,-1569,20068,35613,11,65541,0.00350589618698512,72.3663953452405,527622,NaN,NaN,0
565,134,-4263,-1526,20075,35564,11,65534,0.00288716915845925,72.3656162776991,527750,NaN,NaN,0
552,145,-4220,-1567,20049,35620,11,65538,0.00320232124052182,72.3663631989512,527689,NaN,NaN,0
559,134,-4222,-1537,20050,35573,11,65541,0.00374716633647609,72.3674754198094,527578,NaN,NaN,0
556,126,-4239,-1563,20076,35613,11,65525,0.0050943825635372,72.3628476659354,527306,NaN,NaN,0
553,120,-4201,-1571,20034,35653,11,65523,0.0036954610323814,72.3649169361968,527593,NaN,NaN,0
562,137,-4232,-1573,20060,35596,11,65504,0.0067803734284374,71.9541599069525,526970,NaN,NaN,0
554,135,-4215,-1566,20047,35599,11,65509,0.00577068154594543,72.3691872086673,527179,NaN,NaN,0
563,126,-4226,-1532,20049,35580,11,65540,0.00338405086133219,72.3667771070084,527671,NaN,NaN,0
545,152,-4225,-1541,20059,35547,11,65527,0.00465961399000061,71.9967465757155,527413,NaN,NaN,0
576,143,-4274,-1570,20082,35610,11,65524,0.00472622219231229,72.3682420555437,527402,NaN,NaN,0
536,152,-4211,-1542,20045,35570,11,65530,0.00303158399965622,72.3666845232824,527752,NaN,NaN,0
580,130,-4258,-1568,20067,35628,11,65530,0.00435276098031346,72.3678996720689,527483,NaN,NaN,0
568,137,-4233,-1565,20061,35588,11,65524,0.0063876734884953,71.9602769887727,527072,NaN,NaN,0
561,129,-4233,-1547,20075,35582,11,65552,0.00511939838006229,71.2990503559188,527332,NaN,NaN,0
557,134,-4203,-1539,20041,35566,11,65546,0.00476110238431661,72.3686280197067,527408,NaN,NaN,0
562,125,-4235,-1560,20058,35629,11,65529,0.00368937302224361,72.3645623993871,527628,NaN,NaN,0
550,119,-4218,-1550,20058,35585,11,65503,0.00633101077006258,72.0454264370665,527090,NaN,NaN,0
553,143,-4243,-1537,20062,35572,11,65528,0.0031445885433362,72.366462095518,527745,NaN,NaN,0
541,146,-4207,-1571,20041,35624,11,65524,0.00357095712832483,72.3662266177947,527658,NaN,NaN,0
564,121,-4217,-1556,20038,35625,11,65525,0.00387363424529434,72.2358737962464,527598,NaN,NaN,0
573,126,-4229,-1568,20050,35624,11,65528,0.00516044459186645,72.3687915635765,527338,NaN,NaN,0
569,121,-4208,-1546,20039,35591,11,65541,0.00514581920143632,72.3689449088984,527342,NaN,NaN,0
574,125,-4264,-1542,20069,35604,11,65528,0.003176406927482,72.365908412927,527746,NaN,NaN,0
563,147,-4252,-1529,20075,35534,11,65542,0.00463413194734878,72.368404024407,527449,NaN,NaN,0
553,144,-4230,-1552,20058,35594,11,65540,0.00348481298062037,72.3659309194366,527685,NaN,NaN,0
558,127,-4222,-1549,20042,35616,11,65528,0.00304947788972752,72.3661985836888,527777,NaN,NaN,0
568,131,-4249,-1550,20065,35609,11,65539,0.00334230602983863,72.36546679398,527718,NaN,NaN,0
560,144,-4236,-1546,20060,35577,11,65541,0.00399029409043389,72.3677137995616,527586,NaN,NaN,0
567,135,-4247,-1541,20067,35562,11,65524,0.00535272497253834,72.3689865371736,527307,NaN,NaN,0
560,122,-4215,-1551,20044,35585,11,65505,0.00626724295308793,72.3695902911283,527122,NaN,NaN,0
556,140,-4247,-1531,20062,35572,11,65532,0.002703505725619,72.3660572535752,527856,NaN,NaN,0
550,130,-4205,-1574,20040,35629,11,65511,0.00529118226117292,72.3671802164682,527327,NaN,NaN,0
545,138,-4212,-1580,20059,35634,11,65534,0.00495419331520752,72.3633261621479,527397,NaN,NaN,0
564,154,-4235,-1570,20067,35583,11,65543,0.00594788418405988,71.0488405961083,527194,NaN,NaN,0
569,126,-4240,-1528,20068,35560,11,65550,0.00462230176652447,72.3660516644013,527466,NaN,NaN,0
569,143,-4233,-1549,20062,35571,11,65555,0.00502762520855485,72.3689270303943,527383,NaN,NaN,0
559,144,-4219,-1566,20054,35584,11,65528,0.00630467024569163,72.237508816932,527122,NaN,NaN,0
556,119,-4230,-1543,20059,35591,11,65513,0.00501347398616817,72.3651242229433,527387,NaN,NaN,0
560,128,-4238,-1528,20055,35571,11,65525,0.0035718537967296,72.3668376538279,527683,NaN,NaN,0
547,156,-4229,-1587,20057,35628,11,65516,0.00463880203358604,72.3676384614565,527465,NaN,NaN,0
568,132,-4212,-1567,20041,35624,11,65548,0.00452851474105718,72.3683323590578,527489,NaN,NaN,0
569,127,-4255,-1507,20068,35531,11,65535,0.0038556663999628,72.3675002884296,527627,NaN,NaN,0
558,141,-4234,-1572,20054,35641,11,65535,0.00301449451647731,72.3655103173695,527800,NaN,NaN,0
574,137,-4251,-1606,20075,35689,11,65547,0.00445002042589781,72.3639015984122,527507,NaN,NaN,0
551,137,-4217,-1534,20044,35574,11,65536,0.00331416436580788,72.3669963118153,527741,NaN,NaN,0
562,123,-4190,-1520,20035,35539,11,65559,0.00547267844946108,71.0062840000199,527299,NaN,NaN,0
564,133,-4235,-1547,20059,35570,11,65518,0.00585578649605285,72.3694834501139,527221,NaN,NaN,0
558,127,-4219,-1537,20058,35575,11,65549,0.00465757741678461,72.365008706994,527467,NaN,NaN,0
562,136,-4238,-1544,20061,35566,11,65520,0.00545003902271151,72.3690740319672,527305,NaN,NaN,0
564,123,-4217,-1566,20041,35623,11,65513,0.00540099795506533,72.3687482745055,527318,NaN,NaN,0
569,134,-4230,-1567,20054,35609,11,65529,0.00554595701147506,72.3692265107596,527290,NaN,NaN,0
554,136,-4194,-1524,20040,35528,11,65552,0.00563174015702115,72.3696453163138,527273,NaN,NaN,0
572,130,-4217,-1559,20047,35600,11,65546,0.00553450660802532,71.9902892487333,527295,NaN,NaN,0
552,146,-4211,-1555,20050,35565,11,65529,0.00612761619310589,72.0211504595255,527175,NaN,NaN,0
548,126,-4209,-1571,20044,35642,11,65518,0.00434765042544158,72.3643397602515,527540,NaN,NaN,0
549,139,-4240,-1514,20065,35516,11,65514,0.0049015094708221,72.3680653836657,527430,NaN,NaN,0
552,148,-4244,-1532,20065,35551,11,65529,0.00381247849125619,72.367441228992,527654,NaN,NaN,0
570,133,-4223,-1569,20047,35626,11,65542,0.00464780550287708,72.3683869525581,527484,NaN,NaN,0
569,127,-4253,-1573,20065,35653,11,65523,0.00370319536896626,72.3647687407149,527678,NaN,NaN,0
560,133,-4228,-1545,20055,35564,11,65514,0.00612495680771729,72.3697542125818,527183,NaN,NaN,0
575,116,-4239,-1536,20061,35593,11,65547,0.00428718332376557,72.3655348444736,527560,NaN,NaN,0
564,121,-4210,-1582,20035,35654,11,65510,0.00550073245094202,72.3684767943383,527313,NaN,NaN,0
549,129,-4199,-1540,20038,35552,11,65506,0.00677135401617855,72.3704341535794,527053,NaN,NaN,0
570,138,-4236,-1566,20058,35608,11,65536,0.00515682233852452,72.3688679630111,527384,NaN,NaN,0
552,146,-4219,-1572,20046,35620,11,65526,0.004291690371319,72.3679143057082,527566,NaN,NaN,0
548,144,-4240,-1537,20064,35562,11,65520,0.00410172351147909,72.3665443237475,527605,NaN,NaN,0
562,131,-4240,-1576,20073,35638,11,65538,0.00494883358132232,72.3632602054287,527433,NaN,NaN,0
577,121,-4238,-1536,20060,35583,11,65551,0.00461248414906483,72.3670029378001,527502,NaN,NaN,0
552,131,-4219,-1553,20054,35565,11,65495,0.00741701279701616,71.2200341164191,526928,NaN,NaN,0
632,99,-4437,-1454,20191,35441,11,65503,0.00636289123860086,72.3653466680679,527144,NaN,NaN,0
520,143,-4157,-1524,20019,35541,11,65543,0.00402862782951223,72.366141386447,527623,NaN,NaN,0
553,127,-4221,-1564,20057,35592,11,65496,0.00727300362389654,71.3545276249004,526962,NaN,NaN,0
558,110,-4195,-1534,20028,35569,11,65503,0.00654142584375044,72.1523731194885,527112,NaN,NaN,0
557,123,-4232,-1539,20057,35581,11,65513,0.00502335634692697,72.3663601915532,527424,NaN,NaN,0
564,163,-4265,-1602,20075,35668,11,65538,0.00310956143395333,72.3661665748923,527816,NaN,NaN,0
573,140,-4254,-1524,20074,35535,11,65553,0.00482221277553014,72.3686782744675,527466,NaN,NaN,0
581,92,-4327,-1424,20129,35411,11,65513,0.00521866753118097,72.3623197610054,527385,NaN,NaN,0
536,124,-4211,-1575,20063,35630,11,65504,0.00616349199844415,71.0280916848867,527192,NaN,NaN,0
574,136,-4249,-1539,20068,35571,11,65551,0.00452105789530199,72.3679107706752,527529,NaN,NaN,0
551,132,-4239,-1540,20072,35577,11,65529,0.00460507984624985,72.3635946367143,527514,NaN,NaN,0
551,141,-4231,-1592,20063,35642,11,65506,0.00594451129456489,72.3661721004566,527240,NaN,NaN,0
561,149,-4248,-1524,20074,35527,11,65551,0.00457774018681223,72.3679485974644,527521,NaN,NaN,0
567,162,-4220,-1603,20058,35633,11,65561,0.00611774852679309,71.0390042610433,527207,NaN,NaN,0
575,129,-4231,-1573,20051,35629,11,65531,0.00549719476141935,72.3691678025765,527335,NaN,NaN,0
562,130,-4233,-1542,20058,35555,11,65505,0.00682415035822446,72.3704105582209,527064,NaN,NaN,0
558,136,-4221,-1557,20048,35592,11,65520,0.00545125449131577,72.3690910401625,527346,NaN,NaN,0
557,128,-4221,-1550,20047,35615,11,65537,0.0034671983878845,72.3650963267206,527753,NaN,NaN,0
570,149,-4270,-1608,20083,35654,11,65502,0.006498984957117,72.3685246461301,527134,NaN,NaN,0
564,139,-4237,-1540,20065,35542,11,65524,0.00668287811954999,71.8567003289483,527097,NaN,NaN,0
551,154,-4225,-1564,20052,35604,11,65540,0.00372740157213615,72.3674456977826,527703,NaN,NaN,0
554,129,-4203,-1549,20038,35574,11,65512,0.00645284436714979,72.3701224955196,527146,NaN,NaN,0
552,141,-4214,-1565,20048,35583,11,65507,0.00681003514698137,72.3704431229523,527074,NaN,NaN,0
573,113,-4244,-1530,20061,35554,11,65500,0.00695311944989757,72.2619493344582,527048,NaN,NaN,0
575,144,-4242,-1621,20054,35710,11,65530,0.00448651268590716,72.3680286474873,527554,NaN,NaN,0
558,144,-4223,-1603,20049,35657,11,65507,0.00610636935645566,72.3692597375478,527224,NaN,NaN,0
563,139,-4244,-1560,20055,35627,11,65533,0.00292008654201323,72.3663494915546,527881,NaN,NaN,0
558,136,-4200,-1575,20034,35625,11,65531,0.0054864511745691,72.3692340326389,527356,NaN,NaN,0
535,147,-4196,-1621,20046,35678,11,65500,0.00672588594052382,71.4644252975352,527103,NaN,NaN,0
563,131,-4219,-1545,20061,35576,11,65558,0.00561307985312281,71.7068269390953,527334,NaN,NaN,0
555,141,-4208,-1573,20039,35621,11,65529,0.00504218815554701,72.368744277038,527451,NaN,NaN,0
556,132,-4264,-1510,20080,35536,11,65524,0.00372880733988104,72.3644756704738,527722,NaN,NaN,0
560,136,-4233,-1587,20052,35663,11,65519,0.00423691146172089,72.366150702734,527618,NaN,NaN,0
550,142,-4227,-1527,20056,35554,11,65542,0.00371990125016877,72.3663093098443,527724,NaN,NaN,0
555,143,-4236,-1548,20054,35593,11,65529,0.00353088308956367,72.3671231047504,527764,NaN,NaN,0
547,140,-4247,-1562,20082,35601,11,65521,0.00517397222675583,71.6258375896742,527428,NaN,NaN,0
558,115,-4240,-1570,20070,35643,11,65509,0.00552036846562655,72.3622439828797,527360,NaN,NaN,0
575,135,-4272,-1555,20081,35614,11,65542,0.00370204291458842,72.3649583436169,527735,NaN,NaN,0
551,131,-4207,-1540,20039,35593,11,65541,0.00364670462838894,72.3658704495312,527750,NaN,NaN,0
552,130,-4221,-1568,20052,35617,11,65507,0.00581473317827992,72.3666629301871,527307,NaN,NaN,0
565,134,-4221,-1569,20046,35636,11,65546,0.00407399703464383,72.3667064181222,527664,NaN,NaN,0
565,130,-4243,-1560,20061,35599,11,65505,0.00609940278226732,72.3687720527325,527250,NaN,NaN,0
554,126,-4239,-1588,20074,35660,11,65514,0.00568190165527255,72.3618599687272,527338,NaN,NaN,0
553,123,-4227,-1558,20066,35614,11,65528,0.00536346939525614,72.362653384732,527405,NaN,NaN,0
601,130,-4320,-1553,20103,35605,11,65527,0.00469366193076861,72.3679428387863,527547,NaN,NaN,0
567,127,-4222,-1569,20048,35602,11,65504,0.00747433170233411,71.1263308586742,526978,NaN,NaN,0
552,144,-4233,-1534,20053,35571,11,65535,0.0033029304614004,72.3669581834658,527835,NaN,NaN,0
568,133,-4259,-1542,20064,35602,11,65530,0.00309840929873664,72.3661903181907,527877,NaN,NaN,0
558,118,-4226,-1530,20048,35580,11,65516,0.0046286886435362,72.3664438028899,527566,NaN,NaN,0
559,125,-4233,-1527,20055,35547,11,65505,0.0060978042077629,72.3691914834491,527266,NaN,NaN,0
559,140,-4250,-1540,20068,35555,11,65509,0.00581599872011006,72.3691082883579,527325,NaN,NaN,0
572,133,-4237,-1547,20059,35574,11,65534,0.00602065254756987,72.3697818035589,527285,NaN,NaN,0
566,158,-4235,-1564,20066,35578,11,65560,0.00561679311984762,72.3696002003257,527368,NaN,NaN,0
555,129,-4225,-1575,20052,35639,11,65511,0.00528383709258867,72.3658422432451,527437,NaN,NaN,0
543,153,-4195,-1586,20036,35616,11,65518,0.00625399214104136,72.3699775427563,527241,NaN,NaN,0
561,145,-4230,-1568,20055,35601,11,65527,0.00568951129012567,72.3693857246592,527357,NaN,NaN,0
560,128,-4215,-1540,20060,35572,11,65558,0.00571234603265393,71.6777687076582,527353,NaN,NaN,0
539,134,-4193,-1526,20032,35538,11,65510,0.00581236281324664,72.3694919329136,527334,NaN,NaN,0
555,143,-4230,-1555,20052,35592,11,65522,0.00477930100742513,72.368393610653,527546,NaN,NaN,0
558,133,-4221,-1570,20048,35603,11,65499,0.00702787034443165,72.3702189433893,527087,NaN,NaN,0
545,124,-4211,-1546,20045,35607,11,65521,0.00424089473364534,72.3639124347557,527659,NaN,NaN,0
541,142,-4212,-1541,20045,35560,11,65510,0.00542855069539899,72.3684995421566,527417,NaN,NaN,0
559,131,-4239,-1526,20052,35574,11,65528,0.00332079781235878,72.3667663577489,527849,NaN,NaN,0
573,142,-4240,-1573,20057,35629,11,65547,0.00455763974782448,72.368310010146,527600,NaN,NaN,0
574,128,-4226,-1538,20054,35556,11,65540,0.00673184011491029,71.1286226006889,527155,NaN,NaN,0
585,118,-4320,-1557,20123,35616,11,65514,0.00571317855513157,72.3615074725547,527364,NaN,NaN,0
565,136,-4235,-1538,20068,35564,11,65556,0.00531873371929254,72.3663601193497,527445,NaN,NaN,0
564,106,-4239,-1556,20066,35620,11,65502,0.00645623320082465,71.9876583687771,527213,NaN,NaN,0
543,130,-4190,-1569,20025,35650,11,65528,0.00356276452795428,72.3648888089382,527806,NaN,NaN,0
553,143,-4214,-1561,20046,35585,11,65519,0.00622656728932899,72.3699300220447,527261,NaN,NaN,0
545,142,-4213,-1586,20042,35662,11,65522,0.00382708336677979,72.3649831752286,527753,NaN,NaN,0
554,124,-4223,-1551,20060,35607,11,65535,0.00499086866662889,72.3632712149143,527515,NaN,NaN,0
550,146,-4216,-1575,20039,35638,11,65526,0.00376186060253694,72.3673524625831,527767,NaN,NaN,0
554,126,-4221,-1577,20049,35651,11,65513,0.00501311862352161,72.3649242879071,527511,NaN,NaN,0
571,131,-4243,-1571,20058,35616,11,65508,0.00641804861088674,72.3698169728781,527225,NaN,NaN,0
564,132,-4251,-1550,20069,35571,11,65499,0.00689297094152125,72.3693595810215,527130,NaN,NaN,0
559,125,-4189,-1575,20022,35637,11,65521,0.00594607690881259,72.3696376789052,527324,NaN,NaN,0
570,150,-4267,-1545,20079,35566,11,65540,0.00479186922528115,72.3685057623168,527561,NaN,NaN,0
547,123,-4206,-1530,20039,35562,11,65508,0.00568648842035012,72.3677571548503,527379,NaN,NaN,0
541,182,-4242,-1647,20069,35708,11,65514,0.00489472560717843,72.3662920959341,527546,NaN,NaN,0
558,132,-4222,-1559,20041,35620,11,65520,0.00436326455071208,72.3677289961885,527655,NaN,NaN,0
568,127,-4224,-1576,20040,35649,11,65519,0.00498592850839202,72.1846570237275,527528,NaN,NaN,0
548,150,-4236,-1551,20058,35577,11,65515,0.00481222979285985,72.3681419629805,527564,NaN,NaN,0
562,130,-4204,-1555,20043,35583,11,65535,0.00576359015439391,70.9435461087632,527138,NaN,NaN,0
589,106,-4309,-1555,20114,35626,11,65516,0.00592304911841811,72.2927816984714,527337,NaN,NaN,0
549,128,-4249,-1549,20080,35589,11,65507,0.0057850806723723,72.3629047195233,527366,NaN,NaN,0
558,127,-4232,-1564,20055,35622,11,65510,0.00541954516356708,72.3662867706708,527441,NaN,NaN,0
559,133,-4226,-1565,20065,35620,11,65552,0.00512700731503484,72.3635644894531,527503,NaN,NaN,0
553,128,-4191,-1564,20041,35621,11,65555,0.00542289437988451,72.3647191214272,527446,NaN,NaN,0
556,144,-4215,-1567,20048,35587,11,65519,0.00691259316747067,72.3706494275685,527141,NaN,NaN,0
579,130,-4235,-1574,20048,35650,11,65546,0.00437049133584281,71.2450053344813,527662,NaN,NaN,0
554,120,-4213,-1549,20044,35589,11,65501,0.00661374605711489,72.3680570904734,527203,NaN,NaN,0
562,144,-4240,-1555,20063,35570,11,65518,0.00655912505844752,72.3702317569281,527215,NaN,NaN,0
563,119,-4248,-1536,20063,35596,11,65518,0.00435587290994123,72.364740848641,527669,NaN,NaN,0
559,141,-4246,-1542,20067,35585,11,65543,0.00387389465079388,72.3653447107047,527768,NaN,NaN,0
563,141,-4239,-1538,20070,35561,11,65555,0.00519203537336321,72.366466924785,527499,NaN,NaN,0
562,121,-4212,-1549,20033,35609,11,65519,0.00497854340546572,72.3685751841847,527543,NaN,NaN,0
558,135,-4228,-1544,20051,35570,11,65514,0.00593803029133102,72.3695601883406,527348,NaN,NaN,0
569,135,-4241,-1588,20060,35674,11,65544,0.00400035978600891,72.364571197673,527745,NaN,NaN,0
571,132,-4227,-1556,20052,35586,11,65530,0.00667193120629434,72.3704455566166,527198,NaN,NaN,0
556,124,-4219,-1532,20037,35591,11,65523,0.00371127391264051,72.0643928832363,527806,NaN,NaN,0
556,139,-4199,-1581,20049,35632,11,65560,0.00591052450313136,71.4478577307379,527356,NaN,NaN,0
570,129,-4217,-1542,20043,35588,11,65554,0.00485713366842547,72.3685275024165,527572,NaN,NaN,0
561,106,-4221,-1513,20042,35563,11,65513,0.0050252238116046,72.3667650400045,527539,NaN,NaN,0
554,155,-4250,-1533,20067,35555,11,65541,0.00359568029874017,72.3673083149611,527832,NaN,NaN,0
563,148,-4215,-1598,20058,35650,11,65562,0.00600820300546813,71.6448867957445,527338,NaN,NaN,0
554,117,-4221,-1563,20066,35622,11,65528,0.00584070082499794,70.9741543544049,527267,NaN,NaN,0
554,117,-4203,-1565,20037,35619,11,65499,0.00687555957687164,72.3678363761533,527161,NaN,NaN,0
556,150,-4250,-1555,20068,35572,11,65510,0.00586097237000975,72.3693302281247,527369,NaN,NaN,0
566,133,-4203,-1603,20043,35685,11,65557,0.00548314161178271,71.3352600333287,527448,NaN,NaN,0
549,142,-4232,-1535,20059,35574,11,65540,0.00369857129056059,72.3650106528999,527814,NaN,NaN,0
530,144,-4156,-1558,20008,35594,11,65530,0.00517753652558719,72.3690318827064,527512,NaN,NaN,0
570,130,-4228,-1621,20052,35734,11,65540,0.00449560496937585,71.8690837350924,527653,NaN,NaN,0
554,144,-4236,-1587,20065,35655,11,65535,0.00449680848778211,72.3637627991411,527653,NaN,NaN,0
563,158,-4238,-1555,20066,35567,11,65555,0.0054881251298673,72.3694295209937,527452,NaN,NaN,0
560,133,-4227,-1526,20055,35528,11,65518,0.00694441645351022,72.3706842917409,527154,NaN,NaN,0
563,131,-4211,-1585,20047,35662,11,65552,0.00497284987039135,72.3649172104988,527558,NaN,NaN,0
547,140,-4215,-1561,20060,35606,11,65548,0.00508045483904635,72.3635332308648,527536,NaN,NaN,0
561,132,-4216,-1544,20049,35549,11,65513,0.00793774068163572,71.3568436251477,526951,NaN,NaN,0
552,128,-4225,-1578,20069,35640,11,65532,0.00601126201428781,72.3619621058659,527347,NaN,NaN,0
551,139,-4239,-1546,20058,35601,11,65527,0.00347288167773673,72.3648636155835,527868,NaN,NaN,0
569,128,-4209,-1615,20030,35703,11,65509,0.0063157720224112,71.6255955761869,527289,NaN,NaN,0
563,130,-4235,-1561,20056,35634,11,65540,0.00391346203280811,72.3645519794835,527781,NaN,NaN,0
558,124,-4231,-1503,20045,35546,11,65532,0.00323405881225183,72.3668627455399,527921,NaN,NaN,0
561,130,-4213,-1545,20037,35596,11,65536,0.00463585317924438,72.3683728612175,527634,NaN,NaN,0
544,138,-4227,-1542,20054,35591,11,65525,0.00381074872457889,72.3644986174537,527803,NaN,NaN,0
557,144,-4243,-1533,20067,35527,11,65511,0.00695130878734317,71.5364326008696,527160,NaN,NaN,0
560,133,-4236,-1548,20048,35620,11,65534,0.00289288304633953,71.3775659593588,527992,NaN,NaN,0
558,139,-4247,-1554,20067,35610,11,65536,0.00391938046893005,72.3644754864522,527782,NaN,NaN,0
556,133,-4229,-1586,20054,35651,11,65507,0.00581541188194687,72.3663486960046,527394,NaN,NaN,0
560,150,-4247,-1560,20076,35594,11,65552,0.00492234093636318,72.3654310999796,527577,NaN,NaN,0
567,154,-4240,-1555,20065,35575,11,65557,0.00530973030411974,72.369242604401,527498,NaN,NaN,0
573,134,-4240,-1546,20070,35562,11,65544,0.00509169231841336,70.902122203031,527142,NaN,NaN,0
570,138,-4217,-1575,20053,35624,11,65562,0.00588519248083183,71.9377184506143,527381,NaN,NaN,0
556,143,-4216,-1592,20046,35622,11,65496,0.00793637452235049,72.371509442831,526961,NaN,NaN,0
551,127,-4199,-1543,20031,35574,11,65508,0.00639005808144289,72.3700344272853,527278,NaN,NaN,0
551,128,-4216,-1564,20041,35644,11,65524,0.00377537429887365,72.3644450016172,527814,NaN,NaN,0
568,133,-4218,-1549,20048,35571,11,65535,0.00689316888357952,72.370751610525,527180,NaN,NaN,0
563,113,-4235,-1557,20055,35635,11,65513,0.00501042833993202,72.3642716577554,527566,NaN,NaN,0
553,139,-4221,-1536,20044,35583,11,65541,0.00353987180229323,72.3667700467813,527868,NaN,NaN,0
566,118,-4243,-1566,20058,35650,11,65516,0.0046185347014509,72.3643452757218,527649,NaN,NaN,0
544,130,-4235,-1507,20062,35527,11,65515,0.00474581970950061,72.3652730882964,527624,NaN,NaN,0
570,133,-4232,-1567,20052,35607,11,65519,0.00663999681974946,72.370298434036,527237,NaN,NaN,0
559,148,-4222,-1547,20054,35558,11,65542,0.00616963874717003,72.3700695597058,527334,NaN,NaN,0
569,139,-4218,-1549,20047,35583,11,65559,0.00539820814768301,72.3693718902969,527494,NaN,NaN,0
550,138,-4202,-1556,20034,35592,11,65520,0.00577969114596582,72.3694834380539,527416,NaN,NaN,0
544,158,-4217,-1534,20054,35528,11,65538,0.00569204587833441,70.9993615132202,527432,NaN,NaN,0
556,145,-4237,-1550,20059,35567,11,65513,0.00619983509228389,72.3698254237618,527331,NaN,NaN,0
529,139,-4200,-1568,20048,35609,11,65505,0.00605134325188831,72.3643719425586,527362,NaN,NaN,0
553,126,-4235,-1547,20074,35575,11,65517,0.00448217586440557,70.8719729834942,527159,NaN,NaN,0
533,177,-4185,-1631,20027,35693,11,65535,0.00458335182773104,72.3683509076654,527665,NaN,NaN,0
554,152,-4234,-1545,20063,35570,11,65550,0.00458563519753333,72.3668572060941,527665,NaN,NaN,0
555,128,-4224,-1554,20047,35606,11,65510,0.00542479119657939,72.3672333129585,527494,NaN,NaN,0
563,136,-4260,-1534,20072,35551,11,65505,0.0061142886530056,72.3690379125593,527353,NaN,NaN,0
557,131,-4229,-1567,20073,35612,11,65542,0.00506980481577297,70.9288554612539,527276,NaN,NaN,0
565,131,-4230,-1582,20052,35620,11,65492,0.00798353048488653,72.3709291706927,526972,NaN,NaN,0
542,115,-4197,-1541,20040,35581,11,65499,0.00685477706903761,72.365924116422,527204,NaN,NaN,0
557,138,-4240,-1566,20055,35632,11,65520,0.00410215835989411,72.3659699003364,527768,NaN,NaN,0
577,123,-4221,-1523,20048,35546,11,65554,0.00626661950007059,72.0105115177509,527325,NaN,NaN,0
545,155,-4249,-1572,20071,35618,11,65518,0.0043536839548705,72.3648344473179,527717,NaN,NaN,0
542,132,-4215,-1553,20046,35615,11,65519,0.00421115646368001,72.3640322154789,527748,NaN,NaN,0
554,136,-4209,-1534,20041,35553,11,65529,0.00598451246150158,72.3697861933551,527385,NaN,NaN,0
569,97,-4236,-1523,20058,35596,11,65526,0.00495690824083709,72.3630104713535,527596,NaN,NaN,0
551,148,-4222,-1553,20062,35582,11,65554,0.00520842565804962,72.3655611356943,527546,NaN,NaN,0
560,119,-4206,-1555,20032,35600,11,65500,0.00696812985309009,72.3703503508091,527186,NaN,NaN,0
569,137,-4283,-1559,20090,35599,11,65507,0.00582083941546285,72.3662712173932,527421,NaN,NaN,0
572,135,-4249,-1560,20064,35587,11,65511,0.00710078922941688,72.3707024872404,527160,NaN,NaN,0
554,144,-4230,-1581,20052,35628,11,65506,0.00596369777201444,72.3685966298977,527394,NaN,NaN,0
568,138,-4248,-1532,20060,35572,11,65544,0.00404854268627014,72.3677783947531,527787,NaN,NaN,0
578,136,-4232,-1551,20057,35576,11,65552,0.00662360538862194,72.2336213592768,527263,NaN,NaN,0
573,130,-4245,-1557,20060,35625,11,65547,0.00423659856295445,72.3658708398032,527752,NaN,NaN,0
552,143,-4217,-1526,20045,35550,11,65544,0.00444770577134986,72.3682869731371,527709,NaN,NaN,0
559,136,-4223,-1567,20045,35608,11,65508,0.00637816857765886,72.3699573260291,527314,NaN,NaN,0
554,125,-4207,-1536,20050,35581,11,65553,0.00522616644162286,72.3643492380116,527551,NaN,NaN,0
561,157,-4219,-1590,20060,35618,11,65556,0.00507773775374168,70.9161454597861,527239,NaN,NaN,0
563,136,-4235,-1540,20052,35592,11,65544,0.00384048951247356,72.3668331461782,527836,NaN,NaN,0
552,126,-4254,-1534,20079,35569,11,65507,0.00579170691011598,72.3637138781039,527437,NaN,NaN,0
542,145,-4185,-1569,20028,35591,11,65513,0.00710860428736274,72.3708700380821,527168,NaN,NaN,0
545,123,-4227,-1578,20065,35650,11,65506,0.00595183060668406,72.3614544017585,527405,NaN,NaN,0
561,135,-4229,-1561,20044,35621,11,65521,0.00464179938148853,72.3682128043514,527675,NaN,NaN,0
567,114,-4224,-1550,20045,35589,11,65493,0.00768928985792829,72.3703603078444,527052,NaN,NaN,0
562,137,-4231,-1553,20052,35583,11,65517,0.00629343516082569,72.3699460014829,527338,NaN,NaN,0
531,152,-4201,-1542,20036,35562,11,65514,0.00489782873043908,72.3683956130208,527624,NaN,NaN,0
565,142,-4202,-1578,20036,35633,11,65559,0.00541953985869777,72.3688951442237,527520,NaN,NaN,0
548,128,-4225,-1538,20056,35562,11,65500,0.00673774379749339,72.3673093062161,527251,NaN,NaN,0
584,119,-4244,-1549,20067,35606,11,65560,0.00574185796288371,71.2334057372243,527455,NaN,NaN,0
563,125,-4221,-1550,20065,35596,11,65560,0.00607100209480284,71.0300265952921,527388,NaN,NaN,0
564,132,-4248,-1545,20057,35597,11,65517,0.00459858014951236,72.3675814423308,527690,NaN,NaN,0
553,126,-4217,-1539,20059,35585,11,65549,0.00531159920727142,72.3632711066071,527549,NaN,NaN,0
561,146,-4209,-1588,20038,35642,11,65538,0.00577163785063341,72.3695765665217,527457,NaN,NaN,0
563,128,-4266,-1524,20079,35544,11,65504,0.00621722680745559,72.3671962087104,527366,NaN,NaN,0
568,128,-4237,-1547,20054,35576,11,65508,0.00695498167495128,72.3705508241036,527215,NaN,NaN,0
557,134,-4220,-1589,20043,35655,11,65505,0.00609208961156824,72.3680926442944,527392,NaN,NaN,0
570,145,-4279,-1561,20080,35626,11,65536,0.00333420277330682,72.3650035647033,527958,NaN,NaN,0
560,146,-4250,-1546,20058,35600,11,65536,0.00316119398332822,71.5903381050535,527994,NaN,NaN,0
556,145,-4251,-1559,20064,35621,11,65531,0.00344517611416701,72.3649095621071,527936,NaN,NaN,0
549,123,-4221,-1538,20050,35581,11,65507,0.00580672674056505,72.366015339716,527453,NaN,NaN,0
558,137,-4240,-1540,20058,35559,11,65505,0.00641791512548896,72.3698597986091,527328,NaN,NaN,0
557,148,-4244,-1576,20057,35632,11,65516,0.00468996537157272,72.3676420386562,527683,NaN,NaN,0
566,135,-4249,-1530,20057,35578,11,65536,0.00373508080225753,72.367374694084,527879,NaN,NaN,0
566,128,-4255,-1539,20072,35544,11,65488,0.00835130465675741,72.3707335294839,526934,NaN,NaN,0
542,136,-4213,-1525,20043,35541,11,65507,0.00582419275315439,72.3687111929026,527452,NaN,NaN,0
566,129,-4202,-1570,20028,35637,11,65539,0.00535323785368715,72.3354447956614,527549,NaN,NaN,0
571,129,-4241,-1547,20056,35580,11,65516,0.00657160236428054,72.370202245979,527300,NaN,NaN,0
553,147,-4221,-1573,20039,35642,11,65532,0.00359839684972024,72.3672206404447,527909,NaN,NaN,0
553,133,-4231,-1538,20068,35577,11,65547,0.00514968528484217,72.3633891700297,527592,NaN,NaN,0
559,134,-4208,-1572,20031,35638,11,65526,0.00506675220491542,72.3687290435824,527609,NaN,NaN,0
567,132,-4240,-1549,20067,35599,11,65553,0.00507795130309405,72.3649633411575,527607,NaN,NaN,0
560,130,-4257,-1520,20066,35562,11,65520,0.00410088473620673,72.3659414209577,527810,NaN,NaN,0
544,143,-4199,-1571,20043,35629,11,65549,0.00475049437333119,72.3644587564693,527677,NaN,NaN,0
556,129,-4230,-1556,20056,35584,11,65494,0.00754483480969183,72.3690390380313,527105,NaN,NaN,0
571,115,-4243,-1554,20054,35622,11,65508,0.00569315960238164,72.3670963476049,527485,NaN,NaN,0
550,128,-4230,-1531,20050,35588,11,65522,0.00382429779126658,72.3647569674408,527868,NaN,NaN,0
563,131,-4228,-1532,20044,35582,11,65538,0.00413824299267043,72.3678500123736,527804,NaN,NaN,0
558,140,-4241,-1567,20052,35639,11,65523,0.003709269403255,72.3661226020191,527892,NaN,NaN,0
575,123,-4243,-1531,20059,35550,11,65516,0.0072893990374234,72.3709693560714,527159,NaN,NaN,0
570,143,-4205,-1581,20037,35634,11,65562,0.00577896917729485,72.3697889904119,527469,NaN,NaN,0
568,140,-4233,-1542,20053,35581,11,65553,0.00473719063641778,72.3684583827821,527684,NaN,NaN,0
554,138,-4245,-1538,20065,35554,11,65502,0.00648870446711652,72.3686845458318,527326,NaN,NaN,0
556,161,-4234,-1556,20062,35566,11,65544,0.0057970053049899,72.3696815949021,527468,NaN,NaN,0
565,159,-4267,-1556,20080,35568,11,65530,0.00584499087818003,72.3695464840356,527459,NaN,NaN,0
575,125,-4234,-1558,20048,35611,11,65523,0.00614602042439362,72.3697958019054,527398,NaN,NaN,0
566,141,-4226,-1545,20054,35559,11,65539,0.0067937189861978,72.3706852998709,527266,NaN,NaN,0
568,136,-4303,-1604,20117,35671,11,65499,0.00683807408498124,72.0290601102319,527257,NaN,NaN,0
568,118,-4256,-1588,20074,35670,11,65502,0.00645841408671546,72.3637162838236,527335,NaN,NaN,0
578,134,-4244,-1569,20059,35609,11,65525,0.00696705662259564,72.3706675373179,527232,NaN,NaN,0
554,137,-4186,-1521,20034,35513,11,65549,0.00742151322067216,71.3585521319038,527139,NaN,NaN,0
551,159,-4215,-1596,20041,35654,11,65534,0.00476763249731895,72.3684845297939,527683,NaN,NaN,0
556,142,-4231,-1552,20047,35615,11,65539,0.00331961000641527,72.3662456800285,527980,NaN,NaN,0
560,139,-4258,-1559,20069,35613,11,65515,0.00476157025093715,72.3659684469857,527686,NaN,NaN,0
566,127,-4222,-1569,20043,35610,11,65500,0.00759900488178877,72.3711663133097,527105,NaN,NaN,0
556,131,-4247,-1505,20075,35527,11,65547,0.00468446958339857,72.3639734527136,527702,NaN,NaN,0
562,138,-4245,-1536,20061,35554,11,65514,0.00623938839039078,72.3698621359922,527384,NaN,NaN,0
570,124,-4213,-1569,20034,35631,11,65523,0.00626078492752583,72.3699427389224,527380,NaN,NaN,0
561,126,-4241,-1545,20078,35573,11,65531,0.0036257182157333,70.8201515651852,527184,NaN,NaN,0
560,150,-4247,-1561,20063,35614,11,65544,0.00388929422659177,72.3661735344765,527868,NaN,NaN,0
562,151,-4252,-1595,20064,35678,11,65538,0.00357393506948489,72.3648160787852,527933,NaN,NaN,0
563,141,-4237,-1581,20048,35652,11,65520,0.00463451502488215,72.3679740046175,527717,NaN,NaN,0
554,142,-4230,-1569,20051,35607,11,65503,0.00636320304985014,72.3693170873333,527363,NaN,NaN,0
559,134,-4201,-1576,20035,35605,11,65507,0.00830591995983748,71.4507257316603,526966,NaN,NaN,0
554,130,-4208,-1543,20044,35596,11,65550,0.00477500410138249,72.3651993542521,527691,NaN,NaN,0
561,143,-4195,-1579,20028,35639,11,65555,0.00518654195786552,72.3691272392461,527607,NaN,NaN,0
561,126,-4234,-1558,20055,35596,11,65496,0.00728333531540424,72.368996073584,527178,NaN,NaN,0
547,136,-4213,-1548,20035,35618,11,65532,0.00317801973008697,72.2345128874072,528021,NaN,NaN,0
556,127,-4239,-1526,20061,35539,11,65497,0.00714842841614262,72.3690085784681,527208,NaN,NaN,0
569,162,-4244,-1600,20063,35646,11,65546,0.00572980419791203,72.3695431690527,527501,NaN,NaN,0
545,156,-4214,-1546,20047,35558,11,65534,0.00561317958486907,72.3694501880164,527526,NaN,NaN,0
570,133,-4228,-1561,20052,35622,11,65554,0.00500970414541871,72.3667327937116,527650,NaN,NaN,0
561,132,-4215,-1567,20045,35638,11,65550,0.00470674888237575,72.3653653407542,527713,NaN,NaN,0
553,132,-4217,-1572,20038,35648,11,65516,0.00462891715459207,72.3663611922611,527729,NaN,NaN,0
536,127,-4204,-1519,20045,35527,11,65497,0.00712836461818191,72.3676209233438,527218,NaN,NaN,0
555,157,-4245,-1575,20056,35633,11,65529,0.00375386881021122,71.5454203461405,527911,NaN,NaN,0
546,130,-4221,-1450,20060,35424,11,65554,0.00519087958295128,72.3667809112427,527618,NaN,NaN,0
560,130,-4225,-1551,20053,35614,11,65548,0.00455270768637277,72.3645980993156,527749,NaN,NaN,0
556,122,-4249,-1528,20067,35577,11,65513,0.00500707544483495,72.3642427366065,527657,NaN,NaN,0
532,127,-4208,-1452,20048,35445,11,65539,0.00413802817637758,72.3648839768958,527835,NaN,NaN,0
545,130,-4239,-1537,20070,35563,11,65501,0.00658758935823189,72.3649299664012,527336,NaN,NaN,0
548,144,-4221,-1568,20042,35626,11,65516,0.004634856844981,72.3673149048867,527736,NaN,NaN,0
556,123,-4193,-1543,20022,35593,11,65523,0.00578237965849688,72.3695119504819,527501,NaN,NaN,0
567,133,-4241,-1545,20063,35542,11,65496,0.00905422781914482,71.1132639227577,526831,NaN,NaN,0
539,143,-4200,-1557,20031,35599,11,65511,0.00529551437273783,72.3683406234523,527601,NaN,NaN,0
542,138,-4205,-1527,20036,35542,11,65510,0.00602853193058535,72.3697021257037,527451,NaN,NaN,0
564,134,-4232,-1583,20045,35654,11,65510,0.00556890523209459,72.3684797131222,527549,NaN,NaN,0
553,137,-4248,-1552,20072,35571,11,65495,0.00740327297915221,72.3677490285493,527175,NaN,NaN,0
564,136,-4242,-1568,20068,35634,11,65550,0.0048358183855065,72.3637269229095,527701,NaN,NaN,0
556,129,-4233,-1542,20049,35597,11,65515,0.0047631073319286,72.3667024691722,527716,NaN,NaN,0
555,161,-4260,-1589,20076,35612,11,65498,0.00702661257508519,72.1525997972485,527253,NaN,NaN,0
578,126,-4232,-1539,20050,35577,11,65543,0.00621485700238328,72.3700637652555,527421,NaN,NaN,0
572,144,-4221,-1562,20049,35595,11,65559,0.00626123353126217,72.3702731040647,527413,NaN,NaN,0
560,131,-4263,-1575,20079,35646,11,65510,0.00539801014236396,72.3630621543422,527590,NaN,NaN,0
571,152,-4232,-1580,20054,35629,11,65559,0.00535007769530974,72.3690956155115,527601,NaN,NaN,0
565,108,-4185,-1488,20022,35516,11,65560,0.0056109845878698,72.3690658525751,527548,NaN,NaN,0
558,129,-4218,-1566,20043,35598,11,65490,0.00808748751796159,72.3710609796955,527041,NaN,NaN,0
561,144,-4222,-1549,20054,35548,11,65524,0.00813092183597389,71.4691947929413,527035,NaN,NaN,0
571,132,-4250,-1551,20061,35581,11,65507,0.00702501766423571,72.3705927434487,527262,NaN,NaN,0
569,141,-4224,-1551,20056,35582,11,65564,0.00606137715423341,72.368345201689,527461,NaN,NaN,0
557,143,-4215,-1569,20047,35580,11,65506,0.0085586500290679,72.0342117739194,526951,NaN,NaN,0
569,126,-4229,-1571,20046,35615,11,65497,0.00779248686841262,72.3712170716061,527108,NaN,NaN,0
568,151,-4269,-1563,20072,35607,11,65525,0.004813585015236,72.3683776080718,527719,NaN,NaN,0
510,130,-4102,-1533,19992,35564,11,65558,0.00604511268033085,72.3646629680213,527467,NaN,NaN,0
572,134,-4239,-1564,20053,35609,11,65521,0.00649216932702975,72.3701483146994,527376,NaN,NaN,0
562,85,-4232,-1521,20060,35593,11,65501,0.0065669750090864,72.361821725633,527361,NaN,NaN,0
563,142,-4203,-1577,20033,35640,11,65556,0.00510763305329549,72.3684868758938,527660,NaN,NaN,0
535,131,-4190,-1546,20032,35574,11,65498,0.00700087985460871,72.3680657979293,527273,NaN,NaN,0
561,128,-4261,-1558,20073,35630,11,65516,0.00460923768015778,72.3632516163403,527763,NaN,NaN,0
572,126,-4225,-1573,20045,35613,11,65503,0.00825015441264603,71.5868477248371,527018,NaN,NaN,0
571,134,-4253,-1576,20066,35605,11,65489,0.00850467315965365,72.3713497558208,526966,NaN,NaN,0
551,137,-4205,-1564,20026,35635,11,65525,0.00417475955791568,71.2903533021617,527853,NaN,NaN,0
547,143,-4255,-1536,20074,35568,11,65514,0.00487824136031211,72.3648131534323,527709,NaN,NaN,0
556,124,-4257,-1555,20091,35604,11,65522,0.00662351958233176,72.3097788974832,527352,NaN,NaN,0
564,130,-4246,-1582,20056,35674,11,65518,0.00435910802288241,71.4895168431302,527816,NaN,NaN,0
569,142,-4251,-1548,20070,35547,11,65511,0.00830516437335806,71.9913075695016,527008,NaN,NaN,0
548,130,-4226,-1546,20049,35606,11,65516,0.00461463190016557,72.3648821746823,527765,NaN,NaN,0
555,139,-4221,-1562,20049,35570,11,65490,0.00878868189796208,72.3723883169082,526911,NaN,NaN,0
572,115,-4263,-1550,20090,35610,11,65538,0.0063659599253751,72.3615226136455,527408,NaN,NaN,0
550,151,-4234,-1512,20059,35509,11,65537,0.00533127682121829,72.3691711608085,527620,NaN,NaN,0
558,122,-4221,-1546,20047,35567,11,65487,0.00847894980697744,72.3707894628329,526978,NaN,NaN,0
562,154,-4264,-1574,20081,35629,11,65547,0.00439726939468897,72.3643545053768,527815,NaN,NaN,0
570,143,-4231,-1551,20053,35583,11,65551,0.00586141700311341,72.3697769393029,527517,NaN,NaN,0
570,135,-4232,-1528,20053,35551,11,65547,0.00592378175657639,72.3698238361962,527505,NaN,NaN,0
556,144,-4245,-1538,20056,35575,11,65521,0.00456245125100377,72.3681487833813,527784,NaN,NaN,0
567,153,-4245,-1562,20065,35581,11,65537,0.00657569098357616,72.370400550133,527372,NaN,NaN,0
592,194,-4342,-1725,20123,35824,11,65508,0.00644283766141356,72.3680101909791,527400,NaN,NaN,0
560,149,-4215,-1558,20048,35572,11,65540,0.00712027442363909,72.3710616649668,527262,NaN,NaN,0
539,147,-4201,-1559,20032,35590,11,65506,0.00605614732252275,72.3696812160981,527480,NaN,NaN,0
554,131,-4223,-1587,20063,35662,11,65538,0.00596461591687476,72.3621312117116,527500,NaN,NaN,0
556,160,-4223,-1630,20051,35664,11,65492,0.00897250096961005,71.7458639152919,526884,NaN,NaN,0
559,141,-4228,-1535,20049,35563,11,65535,0.00538956362826473,72.3691721708858,527618,NaN,NaN,0
552,150,-4225,-1550,20051,35566,11,65522,0.00637192625077021,72.3701155617852,527417,NaN,NaN,0
560,136,-4249,-1584,20060,35675,11,65521,0.00403306152414608,72.3639063254711,527897,NaN,NaN,0
563,151,-4233,-1576,20060,35626,11,65556,0.00524982046836336,72.3668087965222,527648,NaN,NaN,0
565,145,-4238,-1566,20057,35594,11,65520,0.00694177205443862,72.3706421383709,527302,NaN,NaN,0
555,148,-4243,-1549,20061,35599,11,65543,0.00386554473289782,72.3655271015764,527933,NaN,NaN,0
537,123,-4226,-1555,20070,35597,11,65495,0.0073523525733777,71.4564952472794,527219,NaN,NaN,0
556,137,-4264,-1544,20087,35560,11,65504,0.00620734880392771,70.945128137432,527229,NaN,NaN,0
529,130,-4202,-1482,20051,35486,11,65538,0.00506983417664881,72.3635947125926,527688,NaN,NaN,0
549,136,-4225,-1549,20044,35608,11,65518,0.00436264815154667,72.3662377974567,527833,NaN,NaN,0
552,146,-4244,-1539,20068,35579,11,65545,0.00423097853557015,72.3644522788967,527860,NaN,NaN,0
549,148,-4196,-1556,20036,35594,11,65556,0.00525461227191342,72.3677539702152,527651,NaN,NaN,0
562,124,-4235,-1545,20046,35611,11,65515,0.00476739547063647,71.7833148105802,527752,NaN,NaN,0
562,128,-4224,-1552,20049,35559,11,65485,0.00942502132740223,71.5430577918625,526799,NaN,NaN,0
564,123,-4205,-1563,20045,35631,11,65559,0.00584246147439759,72.3647814683252,527533,NaN,NaN,0
564,147,-4244,-1535,20065,35538,11,65532,0.00679289599494268,72.3706182952345,527340,NaN,NaN,0
543,154,-4217,-1564,20041,35603,11,65517,0.00510785816616205,72.3687388151199,527687,NaN,NaN,0
573,142,-4243,-1509,20067,35506,11,65566,0.00614317644496681,72.3699714618396,527475,NaN,NaN,0
556,123,-4232,-1540,20058,35558,11,65488,0.00833493191634432,72.3692325912663,527027,NaN,NaN,0
575,132,-4242,-1561,20069,35615,11,65561,0.00593833080247643,72.3655151184332,527518,NaN,NaN,0
576,146,-4236,-1567,20067,35598,11,65570,0.00672076202135511,72.3663219874505,527358,NaN,NaN,0
571,129,-4243,-1584,20056,35632,11,65490,0.00814677362529513,72.3707569943251,527066,NaN,NaN,0
564,141,-4266,-1541,20077,35543,11,65493,0.00786345768007377,72.3708624703897,527125,NaN,NaN,0
556,143,-4251,-1584,20065,35656,11,65514,0.00488518231652501,72.3649479718805,527735,NaN,NaN,0
558,129,-4242,-1598,20067,35667,11,65495,0.00738719587235387,72.3651384462627,527223,NaN,NaN,0
557,123,-4232,-1576,20058,35635,11,65495,0.00739279405594624,72.3661817298556,527222,NaN,NaN,0
556,130,-4236,-1542,20061,35546,11,65484,0.0088736792075847,72.1511983056715,526920,NaN,NaN,0
558,127,-4185,-1587,20018,35642,11,65504,0.00800979897002415,72.3055855163586,527099,NaN,NaN,0
553,138,-4203,-1546,20038,35593,11,65553,0.00497863470759519,72.366798555606,527720,NaN,NaN,0
555,132,-4245,-1557,20066,35598,11,65500,0.00673689903906924,72.3665606573037,527361,NaN,NaN,0
563,118,-4235,-1540,20062,35605,11,65541,0.00519101643664597,72.363108796917,527678,NaN,NaN,0
551,131,-4233,-1549,20053,35607,11,65513,0.00501464155090363,72.365358993216,527715,NaN,NaN,0
572,118,-4257,-1559,20067,35616,11,65498,0.00701205414557943,72.3672959150303,527306,NaN,NaN,0
559,147,-4242,-1550,20052,35604,11,65536,0.00379932620395994,72.132045955969,527964,NaN,NaN,0
557,157,-4261,-1554,20072,35570,11,65512,0.00603243805421543,72.3696100285261,527508,NaN,NaN,0
569,134,-4236,-1582,20048,35639,11,65505,0.00687009537014549,72.3703421769283,527338,NaN,NaN,0
550,145,-4234,-1545,20051,35576,11,65510,0.00550153158082638,72.3688487134989,527619,NaN,NaN,0
563,124,-4222,-1567,20043,35606,11,65488,0.00835329050794092,72.3711486158978,527038,NaN,NaN,0
566,132,-4203,-1514,20039,35521,11,65561,0.00675074213036216,72.3708878019394,527367,NaN,NaN,0
562,139,-4238,-1557,20052,35595,11,65511,0.00632106525604816,72.3699095795169,527455,NaN,NaN,0
575,125,-4214,-1531,20039,35567,11,65555,0.00624355836387598,72.3702369186723,527471,NaN,NaN,0
558,131,-4199,-1553,20026,35605,11,65531,0.00577206874467945,72.3695561246457,527568,NaN,NaN,0
555,141,-4224,-1551,20040,35606,11,65528,0.00441975543563074,72.3680708362545,527845,NaN,NaN,0
556,115,-4206,-1538,20028,35596,11,65506,0.00595790659627993,72.0837775922283,527530,NaN,NaN,0
541,149,-4232,-1569,20062,35597,11,65499,0.00686801053178078,72.367065652148,527345,NaN,NaN,0
562,152,-4258,-1549,20071,35591,11,65547,0.00422904382282958,72.3662912364831,527886,NaN,NaN,0
565,149,-4222,-1551,20053,35560,11,65548,0.0072322340303982,72.3712402064348,527272,NaN,NaN,0
564,143,-4251,-1552,20070,35602,11,65550,0.00469154981332468,72.3652188590823,527793,NaN,NaN,0
558,151,-4224,-1548,20065,35562,11,65566,0.00646082654401169,71.5217114518211,527431,NaN,NaN,0
555,139,-4223,-1511,20048,35520,11,65536,0.00573501449242188,72.3695873527081,527580,NaN,NaN,0
560,124,-4236,-1557,20058,35592,11,65490,0.00807107808732423,72.3687968325302,527102,NaN,NaN,0
551,139,-4206,-1551,20030,35617,11,65543,0.00378757270596224,72.1755338555371,527980,NaN,NaN,0
543,161,-4230,-1595,20071,35647,11,65547,0.00544712654055907,72.3630092864221,527641,NaN,NaN,0
562,146,-4236,-1514,20064,35495,11,65539,0.0074250420016099,71.2495002730264,527236,NaN,NaN,0
571,135,-4238,-1493,20066,35485,11,65567,0.00635289227006015,72.3693126926149,527457,NaN,NaN,0
552,130,-4214,-1549,20041,35570,11,65490,0.00808378551304639,72.3710089265388,527103,NaN,NaN,0
567,130,-4282,-1558,20101,35612,11,65528,0.00607755676587711,72.3616082354685,527515,NaN,NaN,0
571,149,-4242,-1541,20067,35557,11,65565,0.00609625935310879,72.3690503817911,527512,NaN,NaN,0
550,119,-4214,-1518,20042,35537,11,65495,0.00740900641596002,72.3692113184379,527244,NaN,NaN,0
565,129,-4237,-1489,20061,35467,11,65525,0.00780946804682851,72.3716804636957,527162,NaN,NaN,0
569,122,-4237,-1578,20052,35636,11,65492,0.00781676009457406,72.3693731844367,527161,NaN,NaN,0
542,122,-4207,-1544,20037,35616,11,65516,0.00460174617139159,72.3636622424866,527820,NaN,NaN,0
580,137,-4268,-1561,20072,35593,11,65513,0.00730519179520102,72.3708972121948,527267,NaN,NaN,0
541,129,-4197,-1579,20053,35644,11,65538,0.00665940698227404,72.3614705735439,527402,NaN,NaN,0
566,113,-4221,-1497,20052,35531,11,65557,0.00555004070718476,72.3656504649054,527630,NaN,NaN,0
576,132,-4253,-1553,20057,35608,11,65526,0.00552403133494391,72.3691423999198,527636,NaN,NaN,0
556,132,-4239,-1533,20051,35580,11,65514,0.0048993940041678,72.3673274636612,527764,NaN,NaN,0
558,139,-4239,-1569,20082,35616,11,65558,0.00645302008838322,71.3543844967469,527446,NaN,NaN,0
559,124,-4236,-1563,20056,35619,11,65499,0.00687169741829637,72.3668419734334,527361,NaN,NaN,0
566,126,-4254,-1547,20091,35590,11,65554,0.00668918914996076,71.4935384575576,527399,NaN,NaN,0
555,134,-4213,-1549,20042,35558,11,65496,0.00868389484288215,72.372348603366,526992,NaN,NaN,0
544,139,-4224,-1570,20059,35633,11,65529,0.00528063113720592,72.3628195507743,527689,NaN,NaN,0
560,133,-4222,-1555,20039,35604,11,65514,0.00604026295135465,72.3696575331826,527535,NaN,NaN,0
559,148,-4231,-1555,20054,35572,11,65522,0.00705374648470539,72.3708141323813,527328,NaN,NaN,0
560,132,-4239,-1570,20055,35625,11,65501,0.00661778405861185,72.3678881671599,527418,NaN,NaN,0
575,148,-4229,-1583,20048,35642,11,65560,0.00553690995262373,72.3694731132176,527642,NaN,NaN,0
554,142,-4233,-1553,20050,35584,11,65504,0.00644799339844998,72.3698308555734,527456,NaN,NaN,0
575,139,-4252,-1585,20058,35642,11,65512,0.00671744070957636,72.3702678658774,527401,NaN,NaN,0
564,136,-4254,-1550,20067,35563,11,65489,0.00826702819071973,72.371144473456,527084,NaN,NaN,0
555,141,-4220,-1555,20039,35623,11,65543,0.00379165319767962,72.3664069785997,528002,NaN,NaN,0
570,130,-4268,-1586,20082,35628,11,65484,0.00886280089401414,72.3681224380458,526965,NaN,NaN,0
557,143,-4221,-1568,20053,35626,11,65554,0.00519661159850563,72.3653297559433,527716,NaN,NaN,0
559,144,-4220,-1588,20057,35654,11,65558,0.00572916081148167,72.3645590359711,527608,NaN,NaN,0
562,130,-4227,-1544,20070,35582,11,65564,0.00655539077783276,72.3454757133724,527439,NaN,NaN,0
558,135,-4238,-1569,20051,35637,11,65511,0.00529278069144706,72.3667755503727,527700,NaN,NaN,0
564,112,-4255,-1529,20067,35600,11,65518,0.00484555364580093,72.3629374144682,527792,NaN,NaN,0
552,144,-4262,-1554,20082,35570,11,65494,0.00753156944951558,71.3372705923526,527243,NaN,NaN,0
564,132,-4246,-1566,20067,35640,11,65542,0.00494113019642988,72.3633516824446,527774,NaN,NaN,0
557,122,-4224,-1531,20062,35580,11,65552,0.00570892433633796,72.3628458434059,527618,NaN,NaN,0
566,137,-4236,-1528,20055,35543,11,65531,0.00668744462699009,72.3705010280186,527418,NaN,NaN,0
570,128,-4258,-1517,20060,35554,11,65520,0.00517964230849386,72.3687612367456,527727,NaN,NaN,0
564,141,-4232,-1583,20045,35642,11,65512,0.0063146856505632,72.3698893265175,527499,NaN,NaN,0
549,130,-4201,-1574,20031,35624,11,65494,0.00754543480057684,72.3694843983038,527247,NaN,NaN,0
568,125,-4198,-1561,20036,35624,11,65564,0.00621773205317299,72.327070190639,527519,NaN,NaN,0
555,125,-4244,-1526,20067,35534,11,65488,0.00833074651801358,72.3687474921879,527087,NaN,NaN,0
562,139,-4245,-1570,20050,35646,11,65518,0.00437597615031015,71.3745419069467,527897,NaN,NaN,0
557,139,-4219,-1584,20048,35667,11,65549,0.00470667999824133,72.3641309699254,527830,NaN,NaN,0
554,132,-4246,-1568,20068,35641,11,65521,0.00518881371808955,72.3626254121146,527732,NaN,NaN,0
571,142,-4225,-1520,20059,35519,11,65573,0.00697958266946126,72.3701171580047,527366,NaN,NaN,0
567,138,-4233,-1543,20071,35568,11,65568,0.00678462557612067,72.3659438206376,527406,NaN,NaN,0
557,140,-4227,-1553,20049,35570,11,65502,0.00783536235540951,72.3714749413754,527191,NaN,NaN,0
570,120,-4265,-1551,20073,35631,11,65525,0.00478317837893163,72.3630772006229,527817,NaN,NaN,0
570,144,-4225,-1577,20045,35628,11,65542,0.0062897799262751,72.3701347943511,527509,NaN,NaN,0
549,133,-4242,-1537,20061,35583,11,65511,0.00527478587611755,72.3650825344088,527717,NaN,NaN,0
550,135,-4218,-1532,20039,35559,11,65507,0.00624667026350382,72.3698666098441,527518,NaN,NaN,0
557,131,-4227,-1564,20062,35630,11,65548,0.00560104408539989,72.3628098271198,527651,NaN,NaN,0
550,131,-4240,-1550,20071,35604,11,65528,0.00566880433868195,72.3623021903627,527638,NaN,NaN,0
550,159,-4213,-1552,20050,35572,11,65560,0.00567002028332588,72.368236494267,527638,NaN,NaN,0
545,126,-4210,-1531,20036,35576,11,65508,0.00568125622215132,72.3670989539698,527636,NaN,NaN,0
561,137,-4219,-1509,20047,35525,11,65559,0.00548278279325183,72.368821949558,527677,NaN,NaN,0
552,132,-4238,-1571,20065,35644,11,65524,0.00540011609787643,72.3624728595593,527694,NaN,NaN,0
564,120,-4240,-1535,20068,35593,11,65547,0.0055185866266588,72.3628597534289,527670,NaN,NaN,0
552,146,-4247,-1563,20077,35612,11,65542,0.00538809681224071,72.3629178188445,527697,NaN,NaN,0
572,137,-4219,-1541,20045,35568,11,65556,0.00662976634040514,72.3706572588056,527443,NaN,NaN,0
538,129,-4241,-1536,20081,35569,11,65511,0.00650528353259723,70.993063498174,527441,NaN,NaN,0
568,138,-4238,-1561,20057,35576,11,65504,0.0087328595381229,72.3724043341251,527016,NaN,NaN,0
568,134,-4240,-1546,20055,35569,11,65511,0.00757551260547666,72.3712406547782,527254,NaN,NaN,0
545,150,-4233,-1589,20054,35669,11,65523,0.00422833955246651,72.3638531382365,527941,NaN,NaN,0
535,149,-4218,-1572,20048,35628,11,65512,0.00513863402522977,72.3649521939434,527755,NaN,NaN,0
555,133,-4250,-1561,20064,35632,11,65514,0.00487531022828903,72.363936350394,527810,NaN,NaN,0
565,142,-4252,-1588,20064,35628,11,65490,0.0080886127881302,72.3704074628966,527152,NaN,NaN,0
561,127,-4224,-1544,20041,35578,11,65500,0.00730503622905705,72.3708847234898,527314,NaN,NaN,0
579,145,-4227,-1565,20051,35601,11,65567,0.00667862157687956,72.3707644892787,527443,NaN,NaN,0
545,128,-4203,-1555,20028,35634,11,65520,0.00408941256281494,70.9852367170023,527913,NaN,NaN,0
548,151,-4228,-1581,20048,35628,11,65504,0.00622608731035643,72.3687416389188,527536,NaN,NaN,0
565,129,-4235,-1538,20063,35588,11,65556,0.00549243894973545,72.3646016825489,527687,NaN,NaN,0
569,157,-4269,-1528,20083,35535,11,65559,0.00544595345445755,72.3683129464185,527697,NaN,NaN,0
565,148,-4271,-1560,20073,35598,11,65508,0.00592005122538311,72.3688063657268,527600,NaN,NaN,0
575,132,-4218,-1574,20037,35635,11,65539,0.00658919891735352,72.3704191372835,527463,NaN,NaN,0
550,137,-4204,-1585,20052,35656,11,65556,0.00600007638734336,72.3625914602885,527584,NaN,NaN,0
552,122,-4227,-1533,20051,35567,11,65497,0.00713564422897139,72.3675691641742,527353,NaN,NaN,0
568,132,-4247,-1566,20057,35606,11,65494,0.00773874376482419,72.3706195119794,527230,NaN,NaN,0
559,135,-4238,-1574,20053,35631,11,65501,0.00661941286713639,72.3681049881439,527460,NaN,NaN,0
545,158,-4216,-1557,20044,35578,11,65526,0.00608517823924045,72.3698692612444,527570,NaN,NaN,0
546,136,-4218,-1558,20038,35630,11,65518,0.00435637445386321,72.365530552177,527925,NaN,NaN,0
562,135,-4255,-1556,20069,35580,11,65490,0.00807920848092883,72.3695840121706,527163,NaN,NaN,0
555,137,-4242,-1552,20051,35623,11,65521,0.00396589287824562,71.3163565458408,528007,NaN,NaN,0
552,148,-4229,-1554,20050,35611,11,65545,0.00409890820200895,72.365765520148,527981,NaN,NaN,0
569,150,-4236,-1603,20048,35672,11,65528,0.00604931765905574,72.3697194708282,527586,NaN,NaN,0
563,137,-4205,-1555,20039,35566,11,65524,0.00887550007343024,71.5096384223972,527008,NaN,NaN,0
541,139,-4225,-1542,20055,35593,11,65529,0.00474124470671273,72.3635227214996,527855,NaN,NaN,0
549,113,-4210,-1544,20039,35626,11,65520,0.00502921935612094,72.1026602594711,527797,NaN,NaN,0
564,139,-4216,-1578,20045,35649,11,65557,0.00543599319515526,72.3662245778596,527714,NaN,NaN,0
554,148,-4229,-1547,20065,35577,11,65559,0.00581321431015148,72.3653576244067,527638,NaN,NaN,0
558,124,-4232,-1521,20046,35552,11,65502,0.00649359297436546,72.3694074754344,527499,NaN,NaN,0
548,146,-4248,-1545,20068,35559,11,65497,0.00714308175411442,72.3683735862434,527367,NaN,NaN,0
576,152,-4248,-1546,20075,35555,11,65573,0.00699929844950029,72.3693193904405,527397,NaN,NaN,0
557,131,-4240,-1573,20063,35610,11,65486,0.00859480272355828,72.3683915197499,527072,NaN,NaN,0
549,132,-4219,-1556,20049,35573,11,65483,0.00899957476660354,72.3703273029064,526990,NaN,NaN,0
553,147,-4230,-1599,20051,35650,11,65494,0.00754900970722951,72.3692874367274,527288,NaN,NaN,0
544,136,-4206,-1517,20053,35538,11,65558,0.00586233094500384,72.3644828312299,527634,NaN,NaN,0
559,154,-4229,-1550,20054,35563,11,65539,0.00676139456635229,72.370665386752,527450,NaN,NaN,0
561,135,-4228,-1563,20052,35636,11,65550,0.0047757447581216,72.3645851493074,527857,NaN,NaN,0
570,151,-4243,-1573,20053,35636,11,65552,0.00459075425607398,72.3682940445562,527895,NaN,NaN,0
568,154,-4249,-1569,20064,35594,11,65530,0.00702560107762823,72.3708038832871,527399,NaN,NaN,0
572,139,-4258,-1553,20062,35594,11,65518,0.00627254184587458,72.3698774988331,527554,NaN,NaN,0
556,149,-4201,-1547,20035,35572,11,65556,0.00615061233881169,72.3702048122182,527579,NaN,NaN,0
552,142,-4212,-1537,20038,35561,11,65527,0.00630712045925901,72.3701127805197,527548,NaN,NaN,0
568,115,-4291,-1575,20106,35647,11,65493,0.00761954048437369,72.3605344182123,527280,NaN,NaN,0
558,151,-4217,-1518,20056,35510,11,65570,0.00673103910783402,72.2357373236125,527463,NaN,NaN,0
567,134,-4245,-1575,20050,35645,11,65507,0.00589126830667515,72.3686167613866,527635,NaN,NaN,0
554,141,-4236,-1576,20049,35649,11,65513,0.0050257857249044,72.3663841830316,527813,NaN,NaN,0
561,146,-4252,-1552,20068,35547,11,65489,0.00912297098676795,71.5962287033842,526974,NaN,NaN,0
557,107,-4207,-1574,20037,35650,11,65490,0.00805073328241508,72.3664250988298,527194,NaN,NaN,0
558,138,-4255,-1572,20074,35600,11,65486,0.00859677218220934,72.368473147043,527083,NaN,NaN,0
576,139,-4246,-1569,20052,35633,11,65537,0.00549970948074623,72.3692115888994,527718,NaN,NaN,0
554,122,-4255,-1571,20077,35650,11,65504,0.00616942438204348,72.3610976792641,527586,NaN,NaN,0
549,122,-4227,-1523,20055,35536,11,65488,0.00832553214112308,72.3684969941875,527145,NaN,NaN,0
567,145,-4228,-1555,20066,35581,11,65571,0.00702854164406679,72.3670384734636,527411,NaN,NaN,0
568,141,-4256,-1524,20069,35522,11,65518,0.00768317342802268,72.3714260361786,527278,NaN,NaN,0
564,154,-4248,-1563,20059,35603,11,65535,0.00554543495608107,72.3692836370411,527716,NaN,NaN,0
565,151,-4252,-1540,20065,35575,11,65553,0.00481132075717958,72.3676601407181,527869,NaN,NaN,0
573,137,-4260,-1553,20062,35596,11,65514,0.00639324363064329,72.3699643510066,527546,NaN,NaN,0
564,134,-4247,-1558,20056,35599,11,65497,0.00716084031578431,72.369899928029,527389,NaN,NaN,0
551,127,-4237,-1556,20061,35605,11,65497,0.00712202435617282,72.3655677193546,527400,NaN,NaN,0
567,148,-4239,-1579,20078,35620,11,65570,0.0070977428897134,71.4261173750984,527405,NaN,NaN,0
573,130,-4240,-1587,20058,35684,11,65552,0.00501411683390721,71.7197550361754,527832,NaN,NaN,0
563,127,-4235,-1538,20057,35602,11,65550,0.00482861230127592,72.3641311801788,527870,NaN,NaN,0
550,133,-4256,-1568,20084,35629,11,65515,0.00634261733766807,72.36113592163,527560,NaN,NaN,0
558,131,-4234,-1563,20049,35619,11,65501,0.00661790896912049,72.3680841003238,527504,NaN,NaN,0
559,155,-4260,-1575,20073,35583,11,65487,0.00873782896544502,71.7879270203156,527071,NaN,NaN,0
579,131,-4226,-1558,20045,35598,11,65540,0.00756140783742879,72.3714630281356,527312,NaN,NaN,0
574,176,-4239,-1651,20061,35703,11,65545,0.00796712258445075,72.3718759007561,527229,NaN,NaN,0
530,172,-4174,-1701,20021,35790,11,65486,0.00859727507819271,72.3692284541892,527100,NaN,NaN,0
569,130,-4242,-1534,20058,35538,11,65500,0.00897495922229176,72.372640864744,527023,NaN,NaN,0
555,139,-4198,-1545,20033,35557,11,65525,0.00815115354721382,72.3720642019808,527193,NaN,NaN,0
558,132,-4230,-1559,20060,35627,11,65549,0.00535161050845002,72.3631227884919,527767,NaN,NaN,0
615,131,-4335,-1629,20109,35705,11,65487,0.00920260147520951,71.1294752830192,526979,NaN,NaN,0
547,87,-4209,-1447,20038,35472,11,65504,0.00618521605982147,72.3649369498671,527597,NaN,NaN,0
565,138,-4230,-1584,20045,35629,11,65497,0.00812621752033121,72.3716860847,527201,NaN,NaN,0
554,131,-4234,-1545,20059,35548,11,65478,0.00966598909785472,71.9962658778455,526886,NaN,NaN,0
562,131,-4219,-1519,20046,35516,11,65518,0.00850945417231889,72.3723638297118,527123,NaN,NaN,0
550,140,-4218,-1561,20054,35571,11,65501,0.00671769817737038,70.8742285100457,526976,NaN,NaN,0
561,151,-4256,-1561,20066,35623,11,65545,0.00407759139207449,72.0540565386502,528032,NaN,NaN,0
554,140,-4233,-1562,20054,35579,11,65485,0.00874686645866413,72.371282849069,527076,NaN,NaN,0
542,151,-4225,-1546,20058,35548,11,65508,0.00570735181879748,70.8938645001274,527264,NaN,NaN,0
558,150,-4220,-1565,20048,35615,11,65557,0.0053671308152352,72.3672058452979,527769,NaN,NaN,0
545,138,-4219,-1533,20037,35577,11,65513,0.00503047940058325,72.0527835363533,527838,NaN,NaN,0
562,132,-4223,-1565,20039,35609,11,65499,0.00763582687829592,72.3712099597778,527306,NaN,NaN,0
565,137,-4244,-1582,20049,35658,11,65508,0.00570199659320924,72.0040026084667,527703,NaN,NaN,0
548,146,-4241,-1568,20057,35641,11,65525,0.00416929330369507,71.0063029289341,528017,NaN,NaN,0
558,132,-4233,-1548,20071,35598,11,65558,0.00610942710361514,72.3624642625017,527620,NaN,NaN,0
553,140,-4240,-1568,20061,35597,11,65489,0.00820416601433138,72.3691183492631,527191,NaN,NaN,0
545,139,-4229,-1529,20052,35540,11,65496,0.00727942549437816,72.3694158547733,527382,NaN,NaN,0
568,157,-4256,-1557,20067,35584,11,65542,0.00599181947749905,72.3698127322828,527646,NaN,NaN,0
561,137,-4226,-1575,20046,35599,11,65485,0.00934225130889389,72.3728936771344,526960,NaN,NaN,0
564,158,-4253,-1568,20065,35595,11,65527,0.00658573158206384,72.3703148084152,527525,NaN,NaN,0
560,141,-4212,-1572,20032,35631,11,65529,0.00602680257413029,72.3697772271918,527640,NaN,NaN,0
533,113,-4208,-1449,20046,35421,11,65491,0.00791775253804019,72.3683030984308,527253,NaN,NaN,0
550,129,-4243,-1526,20060,35568,11,65508,0.00567193079326886,72.3654454981301,527713,NaN,NaN,0
554,141,-4220,-1550,20047,35550,11,65494,0.00926174588304353,72.3729448005185,526978,NaN,NaN,0
555,145,-4246,-1519,20058,35533,11,65519,0.00583439578245713,72.3695087858809,527680,NaN,NaN,0
556,148,-4237,-1554,20052,35582,11,65512,0.00663087975913605,72.3702723067757,527517,NaN,NaN,0
568,132,-4259,-1551,20070,35623,11,65543,0.0046018037304921,72.3637469669438,527934,NaN,NaN,0
553,116,-4218,-1546,20045,35627,11,65527,0.00517916816932518,72.3628767379871,527816,NaN,NaN,0
562,159,-4277,-1546,20079,35562,11,65516,0.00599040642939824,72.3342118372221,527651,NaN,NaN,0
555,143,-4262,-1539,20074,35555,11,65497,0.00714666968132121,72.3684759801344,527415,NaN,NaN,0
551,121,-4230,-1563,20054,35637,11,65503,0.00631855254922024,72.3637703589343,527588,NaN,NaN,0
547,142,-4213,-1530,20036,35556,11,65520,0.0059195365102491,72.3696525842803,527670,NaN,NaN,0
553,156,-4254,-1561,20068,35568,11,65492,0.00795467599235686,72.371109237006,527254,NaN,NaN,0
562,132,-4229,-1534,20053,35523,11,65491,0.0100656668356874,71.7154233495616,526823,NaN,NaN,0
552,118,-4217,-1567,20046,35626,11,65490,0.0080505088602909,72.3665605137725,527236,NaN,NaN,0
546,141,-4241,-1562,20064,35603,11,65499,0.00686171868336628,72.3660332082239,527480,NaN,NaN,0
559,147,-4227,-1536,20066,35550,11,65568,0.00675024519314955,72.3666828225397,527503,NaN,NaN,0
562,147,-4250,-1568,20055,35620,11,65512,0.00578548631418122,72.3692357693272,527701,NaN,NaN,0
548,133,-4210,-1536,20033,35560,11,65496,0.00736349157533,72.3709393969497,527378,NaN,NaN,0
569,125,-4235,-1561,20065,35633,11,65559,0.00597226963861641,72.36305011292,527663,NaN,NaN,0
557,132,-4246,-1535,20059,35564,11,65498,0.00701628467521472,72.3687310021589,527450,NaN,NaN,0
574,142,-4264,-1570,20062,35628,11,65516,0.00594226438943934,72.3694797829785,527670,NaN,NaN,0
573,130,-4261,-1544,20061,35587,11,65505,0.00668320854903664,72.3699217908923,527519,NaN,NaN,0
559,152,-4259,-1583,20070,35613,11,65491,0.00795286893552564,72.3700862459564,527259,NaN,NaN,0
552,140,-4190,-1542,20027,35585,11,65559,0.00558038360551155,72.3681340717998,527748,NaN,NaN,0
569,142,-4210,-1569,20037,35626,11,65564,0.00598659270581988,72.3690506776422,527667,NaN,NaN,0
550,153,-4228,-1533,20049,35567,11,65549,0.00444505311747805,71.5799031303516,527983,NaN,NaN,0
571,123,-4231,-1564,20045,35597,11,65485,0.00944261896636433,72.3729060619442,526960,NaN,NaN,0
575,144,-4238,-1546,20055,35575,11,65555,0.00654234840922646,72.3705246758809,527554,NaN,NaN,0
530,141,-4224,-1491,20056,35474,11,65498,0.00699775641042241,71.304613555028,527461,NaN,NaN,0
565,159,-4228,-1594,20051,35629,11,65535,0.00758475404042654,72.3714556528278,527341,NaN,NaN,0
556,146,-4217,-1582,20036,35635,11,65513,0.00672219738726424,72.3703728951506,527518,NaN,NaN,0
560,128,-4224,-1563,20058,35636,11,65554,0.00576146806018701,72.3627503333122,527715,NaN,NaN,0
543,135,-4214,-1567,20049,35639,11,65531,0.00539928948704813,72.3627566312312,527790,NaN,NaN,0
573,130,-4223,-1544,20054,35588,11,65568,0.00665179599670589,72.3671282141513,527535,NaN,NaN,0
571,121,-4281,-1586,20086,35686,11,65508,0.00581328320114771,72.361360372171,527710,NaN,NaN,0
568,134,-4202,-1539,20036,35575,11,65569,0.0065891201024714,72.3693658141694,527552,NaN,NaN,0
556,137,-4214,-1568,20054,35630,11,65560,0.0060740722211478,72.3638210845644,527658,NaN,NaN,0
568,146,-4232,-1564,20057,35565,11,65515,0.00970369270953557,71.3268072810908,526916,NaN,NaN,0
564,153,-4260,-1566,20071,35573,11,65497,0.00866390504848559,72.3722554002308,527129,NaN,NaN,0
554,140,-4206,-1532,20048,35557,11,65565,0.00642381803285608,72.3667485397984,527588,NaN,NaN,0
550,135,-4230,-1613,20076,35695,11,65531,0.00753374863026289,71.9968104903793,527361,NaN,NaN,0
571,129,-4237,-1567,20050,35596,11,65488,0.00940015848368103,72.3729546068484,526980,NaN,NaN,0
564,131,-4212,-1501,20043,35492,11,65542,0.00804907641383834,72.3721088530564,527257,NaN,NaN,0
554,137,-4256,-1580,20076,35630,11,65492,0.00778304830205557,72.3654558089655,527312,NaN,NaN,0
576,137,-4233,-1584,20049,35624,11,65514,0.00881431167987087,72.3725442952295,527101,NaN,NaN,0
560,155,-4244,-1529,20060,35551,11,65555,0.00499927573810322,72.3685152662283,527883,NaN,NaN,0
561,152,-4264,-1540,20072,35545,11,65507,0.00731436790785322,72.370930835402,527409,NaN,NaN,0
577,122,-4238,-1542,20047,35583,11,65515,0.00760986180425341,72.3712898807545,527349,NaN,NaN,0
571,156,-4222,-1563,20053,35573,11,65563,0.00796706934392754,72.3721377441086,527276,NaN,NaN,0
554,137,-4225,-1572,20051,35583,11,65473,0.0103362988359206,71.8907156635825,526791,NaN,NaN,0
561,135,-4242,-1543,20046,35601,11,65515,0.00506872910178066,71.6376235600016,527873,NaN,NaN,0
567,139,-4227,-1552,20043,35614,11,65554,0.00492415170368935,72.3677651564372,527903,NaN,NaN,0
572,125,-4244,-1546,20057,35553,11,65481,0.0102375478687276,72.3051013598289,526815,NaN,NaN,0
567,170,-4260,-1569,20077,35593,11,65563,0.00587489221089946,72.36861341744,527709,NaN,NaN,0
554,142,-4224,-1555,20045,35572,11,65496,0.00833182377179915,72.3719599794912,527206,NaN,NaN,0
566,130,-4253,-1577,20066,35620,11,65484,0.00886921658285143,72.3693059606088,527096,NaN,NaN,0
549,139,-4222,-1618,20054,35721,11,65525,0.00586207362005424,72.3619183261936,527714,NaN,NaN,0
551,140,-4247,-1548,20061,35591,11,65505,0.00607873160492513,72.3667180444977,527671,NaN,NaN,0
578,140,-4227,-1532,20050,35553,11,65571,0.00680432108318998,72.3709653496878,527524,NaN,NaN,0
573,133,-4234,-1548,20054,35555,11,65511,0.00959932049879275,71.9960198556585,526952,NaN,NaN,0
553,135,-4255,-1574,20076,35648,11,65518,0.00579769023287316,72.3618160710298,527732,NaN,NaN,0
545,164,-4211,-1520,20050,35509,11,65565,0.00617863221725096,71.9963366931237,527654,NaN,NaN,0
575,132,-4265,-1543,20070,35550,11,65488,0.0093919153392031,72.3729296234729,526996,NaN,NaN,0
575,127,-4227,-1544,20050,35601,11,65563,0.00604742891704144,72.3670784083388,527681,NaN,NaN,0
592,130,-4326,-1588,20117,35625,11,65475,0.0100628515402394,72.3686794050837,526859,NaN,NaN,0
565,129,-4245,-1536,20056,35550,11,65488,0.00870963566282917,72.3720178891465,527137,NaN,NaN,0
564,152,-4255,-1558,20064,35582,11,65516,0.00703081738371517,72.3706944580962,527483,NaN,NaN,0
560,139,-4242,-1600,20061,35698,11,65534,0.00516617051970094,72.3628678160672,527865,NaN,NaN,0
559,146,-4227,-1546,20044,35583,11,65535,0.00585992393994837,72.3696663499442,527723,NaN,NaN,0
532,154,-4217,-1551,20046,35574,11,65502,0.00647561179602083,72.3679974843565,527597,NaN,NaN,0
566,120,-4227,-1554,20051,35639,11,65551,0.00520782813828285,71.8001782422444,527859,NaN,NaN,0
550,161,-4237,-1578,20054,35638,11,65538,0.0031830694486742,70.9292962847128,527986,NaN,NaN,0
565,133,-4204,-1572,20030,35612,11,65516,0.00856707455712747,72.3723662126719,527173,NaN,NaN,0
572,147,-4248,-1548,20057,35589,11,65549,0.00560020329312584,72.3694590683139,527781,NaN,NaN,0
555,130,-4217,-1549,20042,35552,11,65474,0.0103212897318786,72.3736786570896,526815,NaN,NaN,0
547,135,-4199,-1539,20041,35587,11,65557,0.00569946256650923,72.3646734460361,527764,NaN,NaN,0
560,138,-4252,-1575,20068,35604,11,65482,0.00913413803582458,72.3697879020238,527061,NaN,NaN,0
576,137,-4238,-1535,20051,35571,11,65553,0.00619028880131949,72.3701340685797,527664,NaN,NaN,0
557,124,-4240,-1549,20064,35620,11,65532,0.0056269223412182,72.3623955838851,527780,NaN,NaN,0
573,139,-4214,-1567,20035,35622,11,65554,0.0065149169477754,72.3704943850377,527599,NaN,NaN,0
555,152,-4239,-1516,20062,35497,11,65525,0.00781634419393015,71.9205910594088,527333,NaN,NaN,0
555,116,-4218,-1505,20059,35544,11,65558,0.00617660224225977,72.3625716238377,527669,NaN,NaN,0
565,80,-4257,-1476,20076,35531,11,65507,0.00669706736877958,72.3605818554099,527563,NaN,NaN,0
565,137,-4228,-1527,20049,35536,11,65528,0.00781180676307119,72.3716864687738,527335,NaN,NaN,0
565,172,-4229,-1593,20065,35616,11,65576,0.00736791156632437,71.4911006827735,527426,NaN,NaN,0
560,148,-4229,-1554,20066,35585,11,65567,0.00669194245965632,72.3658580452864,527565,NaN,NaN,0
569,130,-4206,-1476,20044,35447,11,65569,0.00829523688254228,72.1224926633671,527237,NaN,NaN,0
552,135,-4230,-1580,20051,35671,11,65527,0.00492695762882715,72.3630964974446,527927,NaN,NaN,0
551,150,-4259,-1533,20068,35549,11,65503,0.00635774402778148,71.9094105015025,527634,NaN,NaN,0
553,139,-4249,-1554,20062,35601,11,65503,0.00634308243449404,72.3667227811924,527638,NaN,NaN,0
563,151,-4210,-1571,20035,35620,11,65556,0.00606318098980138,72.3700614251771,527696,NaN,NaN,0
557,130,-4234,-1570,20071,35638,11,65546,0.00660166133241204,72.3615599138136,527586,NaN,NaN,0
552,142,-4228,-1515,20067,35527,11,65563,0.00634986309102814,72.3651160101224,527638,NaN,NaN,0
558,138,-4239,-1533,20048,35567,11,65511,0.00615870131260826,72.3697653809719,527678,NaN,NaN,0
561,155,-4251,-1573,20078,35620,11,65560,0.00595415840833808,72.3644754625791,527720,NaN,NaN,0
540,122,-4192,-1508,20022,35528,11,65496,0.00727829654955443,72.3699923688785,527449,NaN,NaN,0
549,163,-4179,-1716,20015,35808,11,65472,0.0105894255983731,71.070326058706,526772,NaN,NaN,0
552,152,-4235,-1578,20058,35650,11,65548,0.00463545353006379,72.3639482113422,527995,NaN,NaN,0
574,143,-4248,-1557,20064,35562,11,65514,0.00945091705419643,72.3732419530555,527009,NaN,NaN,0
586,144,-4237,-1578,20052,35628,11,65562,0.00715395118214185,72.3711847608688,527480,NaN,NaN,0
571,124,-4252,-1548,20078,35612,11,65558,0.00617355865641783,72.3622566125558,527681,NaN,NaN,0
553,135,-4240,-1541,20054,35610,11,65532,0.00425277567581219,71.5177741783665,528075,NaN,NaN,0
566,147,-4228,-1589,20049,35615,11,65505,0.00942424103102175,72.3731451418434,527016,NaN,NaN,0
562,131,-4253,-1543,20083,35592,11,65552,0.00634257233498917,72.3619860707712,527648,NaN,NaN,0
576,146,-4229,-1579,20047,35625,11,65547,0.00734055927066194,72.3712818510463,527444,NaN,NaN,0
561,133,-4234,-1561,20041,35625,11,65505,0.00610339530344953,71.8032733471422,527698,NaN,NaN,0
559,115,-4247,-1533,20071,35542,11,65472,0.0104399736860061,71.1099416336971,526810,NaN,NaN,0
565,138,-4242,-1562,20069,35623,11,65559,0.00590484576822967,72.3637955879384,527739,NaN,NaN,0
556,117,-4259,-1610,20086,35711,11,65491,0.00786866369110826,72.3591668472102,527337,NaN,NaN,0
565,149,-4219,-1576,20048,35585,11,65519,0.009755001567087,71.7921852048572,526952,NaN,NaN,0
555,145,-4227,-1556,20038,35614,11,65524,0.0050775807038242,72.0260832403408,527910,NaN,NaN,0
548,155,-4233,-1547,20053,35553,11,65505,0.0075842707649642,72.3712618593194,527397,NaN,NaN,0
559,119,-4229,-1569,20045,35651,11,65501,0.00660046128018179,72.0280046724553,527599,NaN,NaN,0
571,144,-4233,-1586,20046,35639,11,65523,0.00744717884775265,72.3711784119089,527426,NaN,NaN,0
539,119,-4209,-1572,20052,35623,11,65481,0.00921510141870037,72.3645554222359,527064,NaN,NaN,0
575,147,-4244,-1544,20063,35548,11,65542,0.00835419507343611,72.3723399711848,527241,NaN,NaN,0
573,121,-4252,-1567,20057,35626,11,65490,0.00808174209725891,72.369390184684,527297,NaN,NaN,0
565,134,-4234,-1548,20043,35596,11,65516,0.00646508105265617,72.3701097395013,527629,NaN,NaN,0
569,148,-4215,-1617,20040,35711,11,65561,0.00579681026907078,72.3668998585582,527766,NaN,NaN,0
576,129,-4247,-1548,20053,35586,11,65512,0.00774630469132519,72.3713987892738,527367,NaN,NaN,0
541,140,-4162,-1493,20014,35481,11,65561,0.00712193114196199,72.3714137951216,527495,NaN,NaN,0
551,161,-4211,-1550,20043,35560,11,65548,0.00688075223954712,72.370916746723,527545,NaN,NaN,0
557,132,-4227,-1548,20036,35608,11,65508,0.00573330557189756,71.2944330644551,527780,NaN,NaN,0
554,149,-4216,-1545,20053,35574,11,65564,0.0062828436742883,72.3667638200933,527668,NaN,NaN,0
570,146,-4226,-1542,20056,35564,11,65572,0.00693844067802955,72.3691567176489,527534,NaN,NaN,0
556,145,-4224,-1539,20043,35589,11,65551,0.00467023363971734,72.3672401414438,528000,NaN,NaN,0
578,140,-4209,-1562,20039,35604,11,65576,0.00723503658488316,72.3706816344936,527476,NaN,NaN,0
556,112,-4216,-1546,20056,35618,11,65542,0.00667594812547896,72.361459011951,527591,NaN,NaN,0
554,128,-4217,-1526,20042,35517,11,65479,0.0101679688187515,72.3737957445489,526876,NaN,NaN,0
545,148,-4221,-1542,20039,35572,11,65510,0.00613636933788145,72.3697809775322,527702,NaN,NaN,0
538,128,-4221,-1542,20053,35585,11,65497,0.00710845426010733,72.3646123711142,527503,NaN,NaN,0
564,134,-4233,-1548,20051,35616,11,65552,0.00493246097064594,72.3653724289406,527949,NaN,NaN,0
558,126,-4258,-1558,20071,35623,11,65501,0.00658835993559219,72.3641274504401,527610,NaN,NaN,0
570,139,-4218,-1555,20038,35599,11,65547,0.00675149388035141,72.370698051171,527577,NaN,NaN,0
569,142,-4245,-1576,20047,35647,11,65521,0.00565778297474046,71.037592051483,527801,NaN,NaN,0
568,141,-4256,-1525,20069,35513,11,65507,0.00905568228814427,72.3727913897226,527106,NaN,NaN,0
557,137,-4220,-1546,20065,35582,11,65568,0.00702770007320916,72.3639450447845,527523,NaN,NaN,0
543,115,-4210,-1545,20042,35625,11,65515,0.00572014811391083,72.362040624861,527792,NaN,NaN,0
579,153,-4244,-1579,20060,35610,11,65548,0.00790025410370264,72.3718689853698,527347,NaN,NaN,0
558,141,-4220,-1556,20047,35616,11,65556,0.00539549142585087,72.365789712206,527861,NaN,NaN,0
567,142,-4253,-1578,20064,35594,11,65478,0.0101091502895735,72.3731822893033,526896,NaN,NaN,0
569,124,-4255,-1555,20056,35627,11,65505,0.00608903971236075,71.0607955002607,527720,NaN,NaN,0
560,160,-4277,-1534,20083,35521,11,65505,0.00784557775222083,71.3548383935576,527361,NaN,NaN,0
548,118,-4218,-1527,20043,35566,11,65494,0.00752567467618291,72.3672505581266,527428,NaN,NaN,0
533,129,-4204,-1599,20050,35689,11,65507,0.00695326365927956,72.3603882440275,527546,NaN,NaN,0
561,153,-4204,-1561,20035,35592,11,65560,0.00680331051534807,72.3709106828631,527577,NaN,NaN,0
562,133,-4255,-1562,20062,35620,11,65500,0.00674583320364741,72.3672669861603,527589,NaN,NaN,0
554,154,-4242,-1532,20055,35552,11,65530,0.00575776565952273,72.0131471612213,527793,NaN,NaN,0
571,118,-4232,-1594,20047,35656,11,65476,0.00993435911819527,71.2236816042365,526938,NaN,NaN,0
580,149,-4301,-1576,20107,35639,11,65557,0.00564742121112381,72.3628078961344,527816,NaN,NaN,0
562,138,-4214,-1535,20032,35585,11,65551,0.00519538686709958,72.0104033369769,527909,NaN,NaN,0
549,144,-4217,-1559,20045,35551,11,65475,0.0106358617787847,71.0170731398149,526795,NaN,NaN,0
577,133,-4259,-1541,20065,35555,11,65505,0.00888429969076435,72.3725447596889,527154,NaN,NaN,0
543,141,-4215,-1584,20045,35626,11,65486,0.00859169524978185,72.3686656651856,527214,NaN,NaN,0
577,131,-4229,-1548,20049,35563,11,65523,0.00944388206528068,71.5514283049081,527040,NaN,NaN,0
555,152,-4237,-1536,20075,35549,11,65567,0.00676639640048084,71.1925974324996,527589,NaN,NaN,0
569,137,-4203,-1576,20028,35650,11,65560,0.00553699580517767,70.977070866326,527747,NaN,NaN,0
567,155,-4223,-1557,20052,35562,11,65550,0.00840800311865605,72.3725045511598,527253,NaN,NaN,0
543,128,-4213,-1540,20045,35555,11,65481,0.00925322297609766,72.3695301719788,527081,NaN,NaN,0
557,145,-4229,-1578,20040,35634,11,65504,0.00673522585121992,72.3702376927839,527597,NaN,NaN,0
552,153,-4243,-1563,20055,35589,11,65497,0.00735469005951291,72.3706427405086,527471,NaN,NaN,0
566,135,-4261,-1541,20070,35538,11,65476,0.0100360482625263,72.3729204626156,526923,NaN,NaN,0
551,134,-4225,-1587,20049,35644,11,65488,0.00832526979725353,72.3678168268725,527274,NaN,NaN,0
558,137,-4236,-1563,20052,35646,11,65542,0.0044990442312685,72.0894120891033,528058,NaN,NaN,0
567,139,-4230,-1556,20046,35623,11,65555,0.00511596456139048,72.3669760392934,527932,NaN,NaN,0
558,127,-4201,-1571,20034,35661,11,65555,0.0054497352192423,71.3865593858154,527864,NaN,NaN,0
558,139,-4220,-1573,20044,35581,11,65477,0.0107877968065875,72.3743878680676,526771,NaN,NaN,0
566,161,-4260,-1569,20074,35614,11,65558,0.00546683496272225,72.3667301405931,527861,NaN,NaN,0
561,145,-4230,-1555,20052,35558,11,65504,0.00946799421296467,72.3732240472667,527043,NaN,NaN,0
561,128,-4232,-1575,20048,35625,11,65485,0.00873916960229352,72.369906048435,527193,NaN,NaN,0
552,126,-4224,-1564,20059,35639,11,65537,0.00629935669031132,72.3617633175459,527693,NaN,NaN,0
571,145,-4229,-1574,20066,35617,11,65575,0.00753817102564247,72.3664036785774,527440,NaN,NaN,0
567,132,-4237,-1551,20042,35608,11,65514,0.00629803404497508,71.5056679289834,527694,NaN,NaN,0
545,135,-4244,-1564,20068,35634,11,65514,0.00580116110207535,72.3618110387185,527796,NaN,NaN,0
549,122,-4218,-1547,20048,35569,11,65477,0.00978189106611988,72.3694695131372,526981,NaN,NaN,0
559,148,-4237,-1552,20050,35582,11,65518,0.00688844391865769,72.3705954471329,527574,NaN,NaN,0
576,129,-4230,-1560,20043,35602,11,65518,0.00833911314156594,72.3720937100868,527277,NaN,NaN,0
559,168,-4230,-1587,20048,35636,11,65552,0.00560490108308391,72.3695168204841,527837,NaN,NaN,0
552,129,-4246,-1562,20060,35645,11,65511,0.00526011569080199,72.3628138896265,527908,NaN,NaN,0
563,139,-4224,-1559,20058,35611,11,65565,0.00650507204191916,72.365218002938,527654,NaN,NaN,0
563,134,-4257,-1563,20086,35623,11,65549,0.00663127103561736,72.3615235730644,527629,NaN,NaN,0
565,136,-4252,-1546,20068,35610,11,65552,0.00506603404527297,72.3638539265478,527951,NaN,NaN,0
565,126,-4219,-1566,20051,35646,11,65560,0.00606394270535095,72.3635611143191,527747,NaN,NaN,0
549,138,-4234,-1564,20052,35617,11,65499,0.00686985581314826,72.3669902445352,527585,NaN,NaN,0
562,138,-4234,-1569,20064,35586,11,65508,0.00646591756308446,70.8232015690239,526945,NaN,NaN,0
559,115,-4215,-1566,20034,35638,11,65492,0.00780120686366936,72.198422329071,527396,NaN,NaN,0
532,135,-4201,-1449,20036,35405,11,65511,0.00756709320251386,72.3714547464769,527444,NaN,NaN,0
556,122,-4250,-1569,20072,35623,11,65485,0.00870020397333378,72.3650175612297,527212,NaN,NaN,0
554,133,-4221,-1564,20049,35644,11,65546,0.00526344718677148,72.3631879807593,527916,NaN,NaN,0
566,154,-4236,-1548,20060,35542,11,65534,0.00890035995269873,72.3728818551236,527172,NaN,NaN,0
570,129,-4257,-1556,20059,35602,11,65492,0.00782280595145422,72.3700974780243,527393,NaN,NaN,0
548,158,-4259,-1572,20087,35618,11,65542,0.00594320529563338,72.362253598977,527778,NaN,NaN,0
573,149,-4235,-1552,20050,35592,11,65562,0.00605632842274517,72.3700728741236,527755,NaN,NaN,0
559,128,-4212,-1528,20039,35523,11,65495,0.0101579046610392,72.3739209436226,526915,NaN,NaN,0
562,145,-4215,-1565,20039,35627,11,65559,0.00555012816516383,72.3676587320834,527859,NaN,NaN,0
565,117,-4214,-1510,20049,35551,11,65565,0.00653873639469371,72.365302244126,527657,NaN,NaN,0
564,132,-4220,-1549,20043,35556,11,65496,0.0101464284156746,72.3738787182611,526919,NaN,NaN,0
559,147,-4264,-1552,20071,35567,11,65489,0.00821810843300571,72.3705725288575,527314,NaN,NaN,0
541,129,-4216,-1550,20045,35597,11,65495,0.00738481660357478,72.3661513594025,527485,NaN,NaN,0
567,144,-4246,-1548,20063,35541,11,65501,0.00998817476835243,72.3737264746179,526952,NaN,NaN,0
546,149,-4212,-1562,20040,35566,11,65488,0.0095119736478851,72.3731781334646,527051,NaN,NaN,0
567,153,-4250,-1552,20062,35570,11,65530,0.00739813033558872,72.3712176030867,527484,NaN,NaN,0
553,131,-4217,-1532,20060,35573,11,65563,0.00653891880145873,72.3631384027136,527660,NaN,NaN,0
585,145,-4242,-1532,20061,35543,11,65577,0.00749449657230046,72.3717257004703,527465,NaN,NaN,0
542,132,-4214,-1541,20047,35543,11,65475,0.0100523135556689,72.1141218478189,526942,NaN,NaN,0
564,179,-4194,-1637,20037,35684,11,65582,0.00787133868163764,72.3715226815205,527389,NaN,NaN,0
539,129,-4210,-1535,20054,35584,11,65538,0.00631042413504131,72.3619465799117,527709,NaN,NaN,0
569,145,-4231,-1533,20055,35529,11,65539,0.00873393992462599,72.3727567124129,527213,NaN,NaN,0
544,126,-4248,-1552,20075,35605,11,65495,0.00735716514829604,72.3621707566925,527495,NaN,NaN,0
565,151,-4225,-1563,20040,35620,11,65556,0.00525333712838638,72.3691814047799,527927,NaN,NaN,0
551,148,-4219,-1582,20035,35633,11,65499,0.0072172875441727,72.3706933000063,527526,NaN,NaN,0
557,148,-4218,-1550,20034,35605,11,65547,0.00490958755199214,72.3687705801722,528000,NaN,NaN,0
542,115,-4229,-1550,20063,35609,11,65491,0.00788081622206162,72.3620932909492,527392,NaN,NaN,0
556,143,-4220,-1597,20042,35625,11,65473,0.0104540950836527,72.3735097672147,526865,NaN,NaN,0
566,136,-4231,-1529,20060,35562,11,65566,0.00650998516066814,72.3664506199956,527673,NaN,NaN,0
561,130,-4225,-1523,20048,35510,11,65492,0.0103315606265011,72.3740659088705,526891,NaN,NaN,0
562,137,-4240,-1547,20056,35544,11,65480,0.0103514638410028,72.373940349665,526887,NaN,NaN,0
557,127,-4219,-1566,20045,35656,11,65544,0.00527495583251636,71.8778635225403,527928,NaN,NaN,0
572,131,-4198,-1568,20037,35627,11,65575,0.00742543678637577,71.0965166174837,527488,NaN,NaN,0
535,132,-4160,-1534,20002,35556,11,65506,0.00809459367562115,72.3719278674433,527351,NaN,NaN,0
543,124,-4199,-1527,20033,35525,11,65473,0.0103262272430972,72.3723402614283,526894,NaN,NaN,0
553,129,-4225,-1524,20063,35567,11,65559,0.00613428019547055,72.3626192907174,527754,NaN,NaN,0
548,145,-4185,-1543,20025,35547,11,65527,0.00877593656148493,72.372785515531,527213,NaN,NaN,0
563,130,-4264,-1567,20100,35621,11,65545,0.00779086699611302,70.9962454590236,527400,NaN,NaN,0
565,161,-4206,-1555,20049,35556,11,65584,0.00817696635412944,71.3858834750426,527337,NaN,NaN,0
565,152,-4243,-1547,20064,35534,11,65516,0.0096697072094869,71.0447697524574,527032,NaN,NaN,0
576,126,-4239,-1522,20071,35550,11,65574,0.00748734012490654,72.3658761174155,527479,NaN,NaN,0
542,151,-4224,-1539,20066,35567,11,65559,0.00606659599948621,72.3633582961012,527770,NaN,NaN,0
561,143,-4231,-1552,20046,35580,11,65514,0.00767304810266378,72.3713964933693,527441,NaN,NaN,0
543,150,-4241,-1529,20058,35533,11,65495,0.00741481858557858,72.3698589155552,527494,NaN,NaN,0
579,121,-4237,-1539,20058,35601,11,65565,0.00639923102169919,72.3657516970988,527703,NaN,NaN,0
553,131,-4224,-1510,20046,35495,11,65487,0.00961086281905003,72.3732839878613,527046,NaN,NaN,0
560,147,-4244,-1555,20059,35617,11,65551,0.00481648391675872,72.3653243359359,528028,NaN,NaN,0
550,161,-4218,-1564,20052,35600,11,65562,0.00602289065602097,72.366935246653,527781,NaN,NaN,0
540,139,-4234,-1530,20074,35561,11,65539,0.0064742731781676,72.3617363599244,527689,NaN,NaN,0
569,109,-4238,-1529,20050,35555,11,65477,0.00980348997680867,72.3714117578559,527011,NaN,NaN,0
560,126,-4242,-1547,20053,35593,11,65493,0.0076747561497054,72.3686062964306,527447,NaN,NaN,0
569,130,-4255,-1518,20058,35537,11,65505,0.00757786930705565,72.3711923843356,527467,NaN,NaN,0
541,159,-4226,-1682,20060,35781,11,65485,0.00869662396784743,72.3643527840367,527238,NaN,NaN,0
555,138,-4234,-1572,20045,35638,11,65502,0.00648497034696844,72.3679313444464,527691,NaN,NaN,0
568,142,-4268,-1584,20078,35595,11,65467,0.0111347382990584,71.0408424403883,526739,NaN,NaN,0
538,136,-4183,-1572,20019,35605,11,65481,0.00926707655997224,72.3714810272145,527122,NaN,NaN,0
541,160,-4221,-1556,20041,35582,11,65512,0.00643399320189968,71.2336601301199,527703,NaN,NaN,0
550,137,-4226,-1599,20048,35673,11,65493,0.00765812859396117,72.3665587995807,527453,NaN,NaN,0
580,138,-4277,-1557,20076,35632,11,65552,0.00485695402452504,72.293585603392,528027,NaN,NaN,0
568,136,-4236,-1550,20052,35560,11,65500,0.00969626256994865,72.3734073734888,527036,NaN,NaN,0
557,128,-4219,-1560,20044,35563,11,65463,0.0116659178518976,71.0612031931692,526633,NaN,NaN,0
558,154,-4237,-1577,20061,35639,11,65557,0.0055527065726208,72.3650887009046,527888,NaN,NaN,0
546,131,-4239,-1538,20063,35561,11,65487,0.0084475598588064,72.3671335699654,527296,NaN,NaN,0
564,138,-4222,-1560,20050,35622,11,65562,0.00608641548118368,72.3657852094711,527780,NaN,NaN,0
562,154,-4251,-1554,20056,35596,11,65530,0.00568307477864166,71.9195514484801,527863,NaN,NaN,0
548,133,-4226,-1566,20058,35640,11,65534,0.00602069317554458,72.3620398744978,527794,NaN,NaN,0
583,115,-4243,-1541,20048,35576,11,65500,0.00930257224649317,72.3729388699312,527124,NaN,NaN,0
564,139,-4239,-1555,20051,35630,11,65550,0.00467179805082179,71.3706131693661,528073,NaN,NaN,0
564,127,-4221,-1569,20041,35584,11,65468,0.0114256978907334,71.0739108528586,526690,NaN,NaN,0
550,142,-4193,-1545,20034,35536,11,65512,0.00963327004876675,70.9658892710546,526918,NaN,NaN,0
554,148,-4223,-1564,20044,35580,11,65498,0.00895690150623715,72.372640895197,527197,NaN,NaN,0
554,148,-4228,-1557,20063,35602,11,65562,0.00625971615425639,72.3643902982658,527750,NaN,NaN,0
549,151,-4228,-1538,20047,35548,11,65510,0.00750488147521013,72.3712309716229,527495,NaN,NaN,0
574,128,-4235,-1544,20046,35575,11,65513,0.00852567998828079,72.3722615475324,527286,NaN,NaN,0
549,152,-4208,-1587,20055,35644,11,65566,0.00680109405645647,72.3638646926763,527640,NaN,NaN,0
554,134,-4238,-1526,20064,35575,11,65551,0.00541082435152635,72.363173611425,527926,NaN,NaN,0
567,135,-4227,-1543,20048,35546,11,65506,0.00997196088338012,72.3737748235153,526993,NaN,NaN,0
556,135,-4235,-1548,20058,35616,11,65548,0.00520701982942078,72.3632911225109,527969,NaN,NaN,0
550,138,-4235,-1552,20046,35615,11,65509,0.00555074216189221,71.42552968578,527899,NaN,NaN,0
566,141,-4243,-1552,20051,35586,11,65512,0.0075227948441159,72.3711909209585,527496,NaN,NaN,0
566,118,-4216,-1566,20034,35598,11,65470,0.0108436514060746,71.4580014851698,526817,NaN,NaN,0
557,129,-4244,-1539,20063,35606,11,65538,0.00533439189442028,72.3628922934536,527946,NaN,NaN,0
553,124,-4234,-1553,20067,35621,11,65535,0.00662905935818372,72.3613213598696,527681,NaN,NaN,0
587,90,-4264,-1464,20082,35503,11,65565,0.00671693335201063,72.3626744396337,527665,NaN,NaN,0
566,121,-4230,-1557,20056,35642,11,65554,0.00585902896790844,72.3625883410418,527841,NaN,NaN,0
563,138,-4256,-1546,20057,35587,11,65499,0.00691961263891259,72.3697891617601,527624,NaN,NaN,0
547,139,-4235,-1554,20068,35610,11,65540,0.00614961783465428,72.3620450752313,527782,NaN,NaN,0
558,145,-4208,-1585,20035,35667,11,65557,0.00546367820153656,72.3661576414399,527923,NaN,NaN,0
563,129,-4249,-1566,20056,35630,11,65496,0.00727541106164508,72.3676615939249,527553,NaN,NaN,0
566,144,-4239,-1553,20044,35613,11,65537,0.00529236486915535,71.1829843906961,527960,NaN,NaN,0
554,139,-4232,-1565,20058,35639,11,65547,0.0054442585669669,72.3629767370899,527929,NaN,NaN,0
553,147,-4235,-1542,20045,35585,11,65521,0.00520464003382123,70.9783220947579,527890,NaN,NaN,0
561,130,-4214,-1560,20035,35581,11,65485,0.0101724631364363,72.373808741256,526962,NaN,NaN,0
569,132,-4224,-1542,20041,35568,11,65520,0.00846099491945743,72.3722842521205,527313,NaN,NaN,0
563,137,-4267,-1532,20075,35523,11,65475,0.0100745912539544,72.372356920651,526983,NaN,NaN,0
589,120,-4263,-1526,20066,35534,11,65506,0.0100675095696741,72.0102104218222,526985,NaN,NaN,0
574,141,-4246,-1644,20065,35772,11,65552,0.0059861064050644,71.9219784787429,527822,NaN,NaN,0
565,151,-4244,-1543,20060,35546,11,65524,0.0084551666082234,72.3723116185382,527319,NaN,NaN,0
562,124,-4212,-1562,20032,35586,11,65474,0.0106936658409468,72.3742462134151,526862,NaN,NaN,0
567,138,-4243,-1555,20047,35604,11,65512,0.00691310184766425,72.370532108734,527637,NaN,NaN,0
558,110,-4209,-1512,20044,35575,11,65557,0.00591726616955066,72.3628380113174,527841,NaN,NaN,0
576,144,-4230,-1554,20053,35560,11,65538,0.00961960577679061,72.3736570568911,527083,NaN,NaN,0
569,126,-4249,-1584,20062,35621,11,65469,0.0108605827010212,72.3258374752494,526829,NaN,NaN,0
557,144,-4255,-1562,20058,35623,11,65507,0.00582319795303544,71.1981571134114,527861,NaN,NaN,0
573,127,-4237,-1564,20048,35588,11,65482,0.0105262688880834,72.3740992876778,526898,NaN,NaN,0
