C0,C1,C2,C3,C4,TAPS,COEFFICIENT_SUM,COARSE_WORST_PASS_DB,COARSE_WORST_STOP_DB,SEARCH_VECTOR_PEAK,PRECISE_WORST_PASS_DB,PRECISE_WORST_STOP_DB,PASS
-507,-2760,857,19148,32079,9,65555,0.0177122333476469,72.3874310892422,527579,0.0175000675783713,72.3867297243122,1
-510,-2757,827,19146,32168,9,65580,0.0136152594072009,71.5176196432331,528077,0.0136152516034012,71.5097014338153,1
-520,-2757,819,19152,32189,9,65577,0.0138805472487182,71.991505671652,527979,0.0138806104946332,71.9893950492897,1
-534,-2828,947,19192,31962,9,65516,0.0140046120703505,72.3831135594485,527749,0.0137969884421123,72.3824263882846,1
-485,-2764,753,19155,32244,9,65562,0.0146734157492262,72.3841575040577,527671,0.0144629363551371,72.3834618141443,1
-501,-2762,939,19145,31943,9,65585,0.0200238632030509,72.3902483559322,527886,0.0198079833235113,72.3895349492461,1
-513,-2711,827,19127,32167,9,65627,0.0185682769164465,72.2812813072653,528000,0.0185686089385485,72.2784651137397,1
-498,-2717,839,19128,32130,9,65634,0.0188665980200827,72.3839541352763,528059,0.0188664995299284,72.3832414299598,1
-494,-2768,732,19142,32271,9,65495,0.0193286547731196,72.3884931480376,527315,0.0191205349730902,72.3878049475361,1
-497,-2857,763,19212,32247,9,65489,0.0105002300937482,71.1953540007789,527763,0.0102974656319656,71.1950846446318,1
-470,-2764,786,19145,32192,9,65586,0.016820065211182,72.1192639060453,528095,0.0166066381662977,72.1192629125341,1
-481,-2790,756,19189,32259,9,65607,0.0174779051224489,72.3762565230513,528079,0.0174778375306985,72.3755642205565,1
-499,-2850,816,19221,32162,9,65538,0.0107860374723002,72.3768967869631,527888,0.0107861045084671,72.3762174975959,1
-521,-2860,705,19237,32406,9,65528,0.0166781719198512,72.364148380722,528148,0.0166783526027632,72.3634924815382,1
-505,-2776,727,19161,32313,9,65527,0.0116014407057845,72.3805116534389,527619,0.0113952040656524,72.3798293643372,1
-490,-2820,718,19209,32363,9,65597,0.0185552702574611,72.3687794753945,528465,0.0185553339774692,72.368101912947,1
-525,-2775,827,19170,32154,9,65548,0.0110302477043906,72.2558424428048,527548,0.0108229367791116,72.2557999827142,1
-464,-2757,904,19154,31970,9,65644,0.0191773838596112,71.9168609728381,528063,0.019048654049763,71.9165258703317,1
-543,-2793,831,19189,32187,9,65555,0.0137502410172247,72.3729533191709,527825,0.013750312034248,72.3722751791428,1
-506,-2790,719,19177,32339,9,65539,0.010961835478611,72.3763980588959,527784,0.0109618722992122,72.3757200050815,1
-501,-2777,753,19165,32281,9,65561,0.0122830613540267,72.3787445562715,527937,0.0122831262142389,72.3780576265991,1
-518,-2789,830,19167,32111,9,65491,0.0182839078005843,71.5271860878596,527089,0.0180761821187772,71.5270886374302,1
-452,-2768,852,19164,32051,9,65643,0.0191808150399613,71.5233639836548,528106,0.0191808226388556,71.5232481751807,1
-460,-2703,777,19106,32209,9,65649,0.0197360264976738,71.0913274589346,528311,0.0197359607948861,71.0772083829606,1
-449,-2776,707,19159,32275,9,65557,0.0188816200221095,72.3885684774573,527575,0.0186696029145665,72.3878681424502,1
-460,-2814,628,19177,32393,9,65455,0.0198778584848779,72.3280158021109,526964,0.0196730343476043,72.327941807372,1
-465,-2696,706,19108,32308,9,65614,0.0178030238466667,72.3880111066979,527748,0.0175871773090839,72.3872983690934,1
-468,-2767,741,19145,32275,9,65577,0.0151762241025839,71.6961043944885,528167,0.0149645457348304,71.6959783502966,1
-444,-2748,686,19133,32342,9,65596,0.0169356085751212,72.3868529372467,528144,0.0167218813112547,72.3861471849776,1
-886,-2725,2164,19141,30226,9,65614,0.0189074205846388,72.3840831372748,527861,0.0189073735999363,72.3833486469031,1
-908,-2702,2271,19116,30050,9,65604,0.0189661193115604,72.390411278059,527679,0.0187419216608377,72.3896662752588,1
-941,-2795,2279,19179,30036,9,65480,0.0167366485422206,71.0450364208972,527014,0.016522684259886,71.0450131503007,1
-939,-2746,2385,19146,29874,9,65566,0.0187827676359587,72.3899155834362,527515,0.0185609277069072,72.3891779909223,1
-892,-2786,2257,19182,30087,9,65609,0.0190598430797594,72.3815228009997,528193,0.0190598756502242,72.3807928271241,1
-950,-2768,2378,19174,29939,9,65607,0.0199506885817363,72.3787368305441,528130,0.0199507791401671,72.3780089183002,1
-932,-2823,2338,19210,29981,9,65567,0.0163509712390395,72.3781157915204,528016,0.0163508788429183,72.377399024239,1
-952,-2769,2438,19154,29808,9,65550,0.0183526998251169,72.3893273510403,527721,0.0181320494493494,72.3885935120326,1
-965,-2813,2376,19166,29943,9,65471,0.0160652438662108,72.1379577979083,527831,0.015851875371129,72.1379567743143,1
-958,-2718,2361,19121,29972,9,65584,0.0160097391890738,71.8094492167123,528005,0.0160096405884975,71.800132231552,1
-965,-2761,2432,19166,29818,9,65562,0.0147814568074702,71.0306173339083,527444,0.0145618098404823,71.0305333848089,1
-927,-2763,2258,19149,30075,9,65509,0.018584164516867,72.3890539626362,527318,0.0183671712506335,72.3883324832234,1
-960,-2812,2412,19184,29865,9,65513,0.0144127221240422,72.3847077655378,527721,0.0141970823837274,72.3839902609897,1
-920,-2762,2386,19154,29869,9,65585,0.0185690803491293,72.3898505797274,527851,0.0183461271222486,72.3891094355209,1
-927,-2789,2337,19160,29986,9,65548,0.0151653226626701,71.6661000663947,528169,0.0149471566510189,71.6660998852222,1
-943,-2793,2406,19161,29851,9,65513,0.0200259472445781,72.3907263491874,527670,0.0198073029996852,72.3899991748014,1
-883,-2734,2216,19142,30111,9,65593,0.0185799190279846,72.3898257647111,527579,0.018357155683702,72.3890857219762,1
-927,-2710,2364,19121,29912,9,65608,0.019108985106879,72.3906691923174,527762,0.0188839784387481,72.3899212574142,1
-957,-2783,2399,19174,29914,9,65580,0.0171772109532451,72.3798421929746,528192,0.017177243941174,72.3791180928893,1
-948,-2784,2203,19170,30207,9,65489,0.0105126437625472,72.3801661370647,527418,0.0103016732871543,72.3794640733884,1
-957,-2705,2321,19106,30011,9,65541,0.0188632445761284,71.915931071281,527498,0.01864322934355,71.9159293768531,1
-972,-2788,2268,19185,30171,9,65557,0.0188164885785864,71.4462780050166,528226,0.0188165947704662,71.4391746074547,1
-925,-2751,2310,19139,30035,9,65581,0.0154900529151974,72.3852846853736,528216,0.0154900411239617,72.3845529565195,1
-943,-2818,2279,19166,30065,9,65433,0.0191012848003864,72.3888655159994,527437,0.0188895118326928,72.3881607880553,1
-945,-2732,2318,19127,29994,9,65530,0.0194748420689247,72.3902767910458,527383,0.0192554303474662,72.3895472318421,1
-462,-2779,671,19154,32389,9,65557,0.0132023444087111,70.9719213775115,NaN,0.0129935287931781,70.9696757657694,0
-504,-2709,743,19122,32286,9,65590,0.0143525581017675,70.967965141553,NaN,0.0143525352633518,70.9678807027348,0
-495,-2798,789,19193,32194,9,65572,0.013420071791982,70.8328066155405,NaN,0.0134200550746317,70.8324627545654,0
-440,-2764,617,19167,32433,9,65593,0.0145747404083475,70.84193786975,NaN,0.0145746523985053,70.8418839911387,0
-513,-2761,925,19139,32003,9,65583,0.0167521561702654,70.9172040892254,NaN,0.0165382111931264,70.9171592276955,0
-469,-2748,869,19151,32043,9,65649,0.0200546276178892,72.3868740687032,NaN,0.0200545475808873,72.3861537271119,0
-453,-2772,800,19170,32155,9,65645,0.0200675580600695,72.3833038494456,NaN,0.0200676938555429,72.3825917255053,0
-956,-2788,2307,19143,30032,9,65444,0.0202296420391115,71.5222497177841,NaN,0.0200162001468735,71.5164395772672,0
-478,-2725,860,19126,32085,9,65651,0.02031131360219,72.3867566839009,NaN,0.0203112461292466,72.3860358836525,0
-913,-2718,2333,19125,29979,9,65633,0.0203164543165582,72.3875189184279,NaN,0.0203164523474726,72.3867715555328,0
-926,-2733,2342,19126,29945,9,65563,0.0207795415948952,72.3919993046563,NaN,0.0205570383652286,72.3912596756749,0
-938,-2718,2416,19122,29871,9,65635,0.0207972413306336,72.3869412414682,NaN,0.0207972392866732,72.3861927563709,0
-926,-2776,2376,19171,29933,9,65623,0.0208140721659638,72.3810236772894,NaN,0.0208140322888932,72.380289067628,0
-431,-2752,586,19128,32473,9,65535,0.020830797902328,72.3903696702943,NaN,0.0206198261847494,72.3896729677395,0
-530,-2745,885,19164,32088,9,65636,0.0208325025798703,71.8133202628186,NaN,0.0208325596958955,71.8132818633142,0
-951,-2736,2224,19153,30220,9,65600,0.0208725201715885,71.0999025767146,NaN,0.0208725577644661,71.0987494843942,0
-918,-2726,2321,19134,29952,9,65574,0.0208740145459537,71.2318616293195,NaN,0.0206507521246286,71.2318383345172,0
-477,-2783,664,19150,32356,9,65464,0.0209527559628596,72.3898755978445,NaN,0.0207463870646117,72.3891931357444,0
-931,-2785,2456,19176,29797,9,65629,0.020995898977179,71.6450561660837,NaN,0.020995845265662,71.6450561225071,0
-532,-2781,810,19169,32224,9,65556,0.013023846280977,70.591363671511,NaN,NaN,NaN,0
-952,-2764,2365,19128,29940,9,65494,0.0212829240791747,71.3159190620987,NaN,0.0210650167074993,71.3157156927879,0
-498,-2811,704,19206,32413,9,65615,0.0214368223755654,71.2736331082894,NaN,0.0214367880141244,71.25978006256,0
-484,-2729,765,19113,32217,9,65547,0.0216755074312241,71.5957239732784,NaN,0.0214621634908728,71.5956826330721,0
-937,-2786,2340,19192,29970,9,65588,0.0179137522158975,70.8089364628386,NaN,0.0179136555637352,70.8083918164942,0
-492,-2734,709,19123,32319,9,65531,0.0179056175025121,70.8044528107835,NaN,0.0176956778704166,70.800157241021,0
-927,-2743,2339,19127,29949,9,65541,0.0219019534870129,72.3929839530865,NaN,0.0216804660004735,72.3922476640498,0
-944,-2669,2416,19089,29868,9,65652,0.0219953686951686,72.389858997373,NaN,0.0219953324543273,72.3891012084613,0
-426,-2769,683,19144,32302,9,65566,0.0220204667856719,71.5889231385589,NaN,0.0218062879187351,71.5888737105487,0
-473,-2670,831,19084,32107,9,65651,0.0222582035845059,72.3932461587637,NaN,0.0220366442759689,72.392514603905,0
-908,-2740,2260,19125,30061,9,65535,0.0222820136161235,72.3932742687498,NaN,0.0220611521017615,72.3925402658828,0
-420,-2765,697,19170,32301,9,65665,0.0222916795958639,72.3825140121978,NaN,0.0222917219512691,72.3818008342528,0
-908,-2722,2218,19146,30170,9,65638,0.0224143711401772,72.3799363739136,NaN,0.0224145369455835,72.3792022931236,0
-876,-2746,2264,19143,30081,9,65651,0.022439805298974,71.8703481047976,NaN,0.0224399837748181,71.8703478614808,0
-477,-2648,820,19070,32127,9,65657,0.0226342327447523,71.2297023552217,NaN,0.0224119943921011,71.2284502847003,0
-522,-2760,916,19168,32049,9,65653,0.0226413306754507,72.3754724265945,NaN,0.0226412444459031,72.374768333196,0
-973,-2793,2296,19197,30136,9,65590,0.0227215359005254,72.3665888612834,NaN,0.0227215221484653,72.3658855053097,0
-917,-2747,2349,19149,29977,9,65645,0.0227384781398284,72.3822883232009,NaN,0.0227384373698388,72.3815470547194,0
-406,-2704,656,19113,32327,9,65645,0.0227495700713637,72.3935496030091,NaN,0.022529295358563,72.3928228992712,0
-953,-2698,2446,19121,29820,9,65652,0.022807765820552,72.3861048072823,NaN,0.0228077622408837,72.3853529916247,0
-924,-2780,2423,19149,29808,9,65544,0.02286521533185,71.2379332545717,NaN,0.0226427730240987,71.2378829745706,0
-984,-2732,2406,19153,29939,9,65625,0.0228860008676769,72.3750749980643,NaN,0.022885936636989,72.3743478363525,0
-890,-2697,2265,19108,30087,9,65659,0.0228870186218709,72.3877066659087,NaN,0.0228869841745386,72.3869544526353,0
-468,-2743,843,19133,32061,9,65591,0.0228876761992903,72.3933097484826,NaN,0.0226702878538353,72.3925917901628,0
-475,-2693,691,19093,32319,9,65551,0.0230116195748531,71.226352070649,NaN,NaN,NaN,0
-891,-2746,2306,19129,29979,9,65575,0.0230279543422853,72.3944777132428,NaN,NaN,NaN,0
-931,-2714,2475,19118,29724,9,65620,0.0231130839566868,72.3951530050583,NaN,NaN,NaN,0
-964,-2671,2599,19088,29559,9,65663,0.0233420632360392,72.3959339105257,NaN,NaN,NaN,0
-484,-2672,877,19086,32030,9,65644,0.0234025917261857,72.3944416237408,NaN,NaN,NaN,0
-494,-2787,780,19149,32172,9,65468,0.0234493052145676,72.3926740881024,NaN,NaN,NaN,0
-900,-2718,2459,19118,29739,9,65657,0.0236422804519534,72.3960478818973,NaN,NaN,NaN,0
-929,-2731,2557,19131,29587,9,65643,0.0236754189309882,71.7640666890586,NaN,NaN,NaN,0
-936,-2773,2414,19136,29836,9,65518,0.0237470993905371,71.4146771738648,NaN,NaN,NaN,0
-963,-2758,2360,19170,30012,9,65630,0.0239118815953112,72.3727832302948,NaN,NaN,NaN,0
-431,-2744,655,19118,32355,9,65551,0.0240478187283573,72.3940237158887,NaN,NaN,NaN,0
-936,-2692,2437,19099,29790,9,65606,0.0240817090359935,72.3960465930669,NaN,NaN,NaN,0
-940,-2739,2203,19162,30255,9,65627,0.0240856147948116,71.628690958045,NaN,NaN,NaN,0
-917,-2746,2497,19134,29680,9,65616,0.0240864025060638,71.7956683687806,NaN,NaN,NaN,0
-952,-2760,2388,19184,29922,9,65642,0.0241080677373193,71.820459520269,NaN,NaN,NaN,0
-880,-2746,2287,19138,29979,9,65577,0.0241640128121639,72.102967274726,NaN,NaN,NaN,0
-983,-2736,2433,19108,29834,9,65478,0.0242418472242813,71.1468130341028,NaN,NaN,NaN,0
-467,-2709,742,19100,32232,9,65564,0.0242879993435355,72.3945022388666,NaN,NaN,NaN,0
-928,-2764,2366,19183,29937,9,65651,0.0243293446368992,71.5945515055732,NaN,NaN,NaN,0
-962,-2757,2262,19177,30179,9,65619,0.0243626986887694,72.1839057811689,NaN,NaN,NaN,0
-899,-2780,2281,19150,30002,9,65506,0.0244061796794812,72.3952614698287,NaN,NaN,NaN,0
-939,-2755,2292,19180,30083,9,65639,0.0244275106610956,71.8859655882169,NaN,NaN,NaN,0
-505,-2661,954,19078,31916,9,65648,0.0244447268858489,72.3956654706615,NaN,NaN,NaN,0
-440,-2704,620,19096,32410,9,65554,0.0244825296166085,71.9463666192029,NaN,NaN,NaN,0
-941,-2633,2417,19056,29842,9,65640,0.0245429631264417,71.4880622894052,NaN,NaN,NaN,0
-906,-2778,2333,19145,29931,9,65519,0.0246384550531729,72.3956737414786,NaN,NaN,NaN,0
-503,-2744,673,19120,32351,9,65443,0.0232580274501912,70.9305880708044,NaN,NaN,NaN,0
-934,-2709,2407,19113,29819,9,65573,0.0248600073262597,72.3965348541975,NaN,NaN,NaN,0
-873,-2729,2358,19126,29870,9,65634,0.0248993821235011,72.3970898403648,NaN,NaN,NaN,0
-441,-2699,654,19095,32352,9,65570,0.0249911422049163,72.3952493474804,NaN,NaN,NaN,0
-505,-2744,746,19117,32233,9,65461,0.0250512469267871,72.3943316027295,NaN,NaN,NaN,0
-911,-2742,2266,19151,30130,9,65658,0.025149531322371,72.3770813513928,NaN,NaN,NaN,0
-495,-2771,701,19130,32299,9,65429,0.025159657238613,72.3940895476719,NaN,NaN,NaN,0
-937,-2787,2231,19192,30229,9,65627,0.0253681623224071,72.2496284452116,NaN,NaN,NaN,0
-922,-2799,2336,19195,30029,9,65649,0.0254284564851806,71.5854499125117,NaN,NaN,NaN,0
-483,-2806,767,19163,32165,9,65447,0.0254798544254111,72.3946262660239,NaN,NaN,NaN,0
-927,-2729,2435,19148,29796,9,65650,0.0221398692997221,70.8298559897662,NaN,0.0221399783662799,70.8294949867159,0
-953,-2778,2376,19188,29979,9,65645,0.025591018275498,72.371716987794,NaN,NaN,NaN,0
-943,-2772,2346,19188,30011,9,65649,0.0256834449664049,72.3723957034044,NaN,NaN,NaN,0
-913,-2748,2327,19112,29965,9,65521,0.0259586983061406,71.4144708258294,NaN,NaN,NaN,0
-926,-2721,2373,19108,29880,9,65548,0.026045095860842,72.3975302185277,NaN,NaN,NaN,0
-936,-2824,2294,19221,30121,9,65631,0.0260870062147034,72.3658430875983,NaN,NaN,NaN,0
-988,-2760,2424,19184,29922,9,65642,0.026151469151583,72.3696079626595,NaN,NaN,NaN,0
-479,-2734,920,19124,31930,9,65592,0.02626966434524,72.3970086481756,NaN,NaN,NaN,0
-898,-2732,2286,19103,30021,9,65539,0.0263719120707629,72.3977142494064,NaN,NaN,NaN,0
-898,-2685,2436,19090,29773,9,65659,0.0263818224790108,72.3990080658,NaN,NaN,NaN,0
-450,-2666,800,19077,32124,9,65646,0.0265085738751199,72.3977282334016,NaN,NaN,NaN,0
-957,-2819,2274,19229,30164,9,65618,0.0266731107691653,72.3620260769855,NaN,NaN,NaN,0
-457,-2774,699,19127,32285,9,65475,0.0270537520112876,71.976928485758,NaN,NaN,NaN,0
-928,-2689,2565,19097,29572,9,65662,0.0270626532007149,72.3998663072255,NaN,NaN,NaN,0
-441,-2794,740,19180,32249,9,65619,0.0172238434388681,70.4764339353178,NaN,NaN,NaN,0
-920,-2713,2341,19132,29930,9,65610,0.0187227666854084,70.5425948101534,NaN,NaN,NaN,0
-920,-2657,2473,19082,29700,9,65656,0.0278781662801393,72.4006383871699,NaN,NaN,NaN,0
-445,-2684,649,19083,32346,9,65552,0.0279717651470663,71.9286312720275,NaN,NaN,NaN,0
-951,-2751,2492,19116,29706,9,65518,0.0280130527409475,72.3994249787275,NaN,NaN,NaN,0
-954,-2736,2425,19103,29818,9,65494,0.0280408129836624,72.3991889268313,NaN,NaN,NaN,0
-969,-2700,2358,19087,29936,9,65488,0.0258311890643453,70.887965648408,NaN,NaN,NaN,0
-956,-2771,2557,19144,29576,9,65524,0.0279921439448321,70.9883783706797,NaN,NaN,NaN,0
-467,-2779,678,19124,32319,9,65431,0.0285104411389067,71.7139579321099,NaN,NaN,NaN,0
-496,-2669,885,19075,32000,9,65590,0.0285191595140507,72.3994233961755,NaN,NaN,NaN,0
-871,-2694,2307,19103,29928,9,65618,0.0285661394352782,71.7544958424848,NaN,NaN,NaN,0
-911,-2772,2375,19142,29838,9,65506,0.0286585918925736,72.0019797980759,NaN,NaN,NaN,0
-881,-2741,2339,19123,29889,9,65569,0.0287277350121719,72.400555354482,NaN,NaN,NaN,0
-909,-2722,2278,19102,30010,9,65508,0.0287998487293664,72.4000283845644,NaN,NaN,NaN,0
-890,-2732,2458,19121,29706,9,65620,0.028804015602207,71.6478243695793,NaN,NaN,NaN,0
-967,-2730,2425,19113,29791,9,65473,0.0288602228808378,72.2851192783185,NaN,NaN,NaN,0
-913,-2643,2304,19054,29981,9,65585,0.0294183490657922,72.4014969810927,NaN,NaN,NaN,0
-984,-2827,2543,19180,29662,9,65486,0.0188084834770853,70.4662668637682,NaN,NaN,NaN,0
-979,-2739,2415,19111,29817,9,65433,0.0295200656743747,72.4001949003353,NaN,NaN,NaN,0
-917,-2804,2299,19208,30038,9,65610,0.0208063751473552,70.5596340731172,NaN,NaN,NaN,0
-446,-2735,775,19114,32134,9,65550,0.0296162588802291,72.4000805545635,NaN,NaN,NaN,0
-447,-2771,755,19159,32183,9,65575,0.0207051943485124,70.5534397823297,NaN,NaN,NaN,0
-445,-2690,803,19077,32116,9,65606,0.0297940732034783,72.4008515260674,NaN,NaN,NaN,0
-500,-2739,882,19116,31985,9,65503,0.0299906848687443,72.4001252128727,NaN,NaN,NaN,0
-435,-2763,701,19130,32236,9,65502,0.0301099079864774,72.4000780279639,NaN,NaN,NaN,0
-498,-2742,658,19134,32398,9,65502,0.0162099185432871,70.3033808202753,NaN,NaN,NaN,0
-956,-2665,2492,19070,29693,9,65575,0.0303532523329341,72.4025374860466,NaN,NaN,NaN,0
-905,-2671,2415,19068,29804,9,65618,0.0303834951334986,72.4029028739447,NaN,NaN,NaN,0
-883,-2689,2268,19092,29992,9,65568,0.0304412705554564,72.4023684869591,NaN,NaN,NaN,0
-426,-2719,686,19091,32295,9,65559,0.0290404381176881,70.9260906092331,NaN,NaN,NaN,0
-908,-2749,2315,19119,29930,9,65484,0.0311337570617047,72.4023105052085,NaN,NaN,NaN,0
-967,-2649,2453,19058,29775,9,65565,0.0286941509891729,70.8753453529785,NaN,NaN,NaN,0
-893,-2738,2278,19098,30008,9,65498,0.0314494256967461,72.4027551825194,NaN,NaN,NaN,0
-910,-2709,2478,19101,29676,9,65596,0.0315385304434758,72.4039553151895,NaN,NaN,NaN,0
-416,-2667,696,19061,32264,9,65612,0.0315432995197223,71.7910988869517,NaN,NaN,NaN,0
-430,-2754,670,19110,32299,9,65491,0.0315877761497273,71.4462790803178,NaN,NaN,NaN,0
-915,-2712,2288,19094,29980,9,65490,0.0316762423811462,72.4029565469824,NaN,NaN,NaN,0
-866,-2669,2290,19060,29984,9,65614,0.0318130407183588,72.4042963420027,NaN,NaN,NaN,0
-464,-2754,702,19143,32275,9,65529,0.0215934201161377,70.4836678492531,NaN,NaN,NaN,0
-915,-2774,2368,19153,29860,9,65524,0.0248733552153915,70.6429542254711,NaN,NaN,NaN,0
-466,-2743,749,19103,32188,9,65474,0.032167988858042,72.4020719183605,NaN,NaN,NaN,0
-481,-2733,837,19103,32049,9,65501,0.0322386302623045,72.4024800387771,NaN,NaN,NaN,0
-470,-2732,823,19106,32059,9,65513,0.0324223014962225,72.4027792285482,NaN,NaN,NaN,0
-499,-2749,877,19100,32012,9,65470,0.0325948969280344,71.5560168530703,NaN,NaN,NaN,0
-914,-2752,2359,19108,29876,9,65478,0.032790234387131,72.404057699632,NaN,NaN,NaN,0
-920,-2719,2343,19082,29918,9,65490,0.0329118766590791,71.8393722352826,NaN,NaN,NaN,0
-927,-2737,2371,19104,29853,9,65475,0.0330097231200354,72.4042884109012,NaN,NaN,NaN,0
-928,-2741,2389,19106,29825,9,65477,0.0331600198886599,72.4044789322634,NaN,NaN,NaN,0
-924,-2781,2412,19131,29780,9,65456,0.0332479127663865,72.4043616759394,NaN,NaN,NaN,0
-920,-2723,2390,19083,29846,9,65506,0.0332832305302561,71.1974695333801,NaN,NaN,NaN,0
-480,-2738,796,19102,32108,9,65468,0.033476496653253,72.4034593188145,NaN,NaN,NaN,0
-949,-2693,2371,19070,29877,9,65475,0.0335037230755791,72.404852919203,NaN,NaN,NaN,0
-921,-2734,2418,19108,29765,9,65507,0.033628667703419,72.4052915829756,NaN,NaN,NaN,0
-503,-2758,841,19105,32059,9,65429,0.0336352899906774,72.4032820966503,NaN,NaN,NaN,0
-909,-2672,2363,19081,29935,9,65661,0.0224355515480656,70.4392394606274,NaN,NaN,NaN,0
-956,-2748,2415,19153,29932,9,65660,0.0259797898086384,70.6142651540921,NaN,NaN,NaN,0
-952,-2686,2404,19069,29820,9,65490,0.0339042148197673,72.4054550204647,NaN,NaN,NaN,0
-932,-2677,2380,19064,29851,9,65521,0.0339321756790735,72.4057628594259,NaN,NaN,NaN,0
-905,-2693,2424,19081,29760,9,65574,0.0339427832555287,72.4062924979936,NaN,NaN,NaN,0
-458,-2738,675,19095,32294,9,65442,0.0339826813786802,72.4036598742563,NaN,NaN,NaN,0
-458,-2721,763,19101,32133,9,65503,0.0340072924968647,71.0521604318089,NaN,NaN,NaN,0
-867,-2822,2229,19193,30096,9,65562,0.0159390660465205,70.0944950901242,NaN,NaN,NaN,0
-483,-2726,793,19095,32110,9,65468,0.0341287992117345,72.4041655821919,NaN,NaN,NaN,0
-458,-2768,720,19123,32198,9,65432,0.0345437324386498,72.4041803017025,NaN,NaN,NaN,0
-928,-2699,2487,19085,29664,9,65554,0.034677946183832,72.4069385994581,NaN,NaN,NaN,0
-545,-2802,866,19190,32090,9,65508,0.0109381665134503,69.788186851427,NaN,NaN,NaN,0
-947,-2757,2460,19109,29717,9,65447,0.035234496679489,72.4064618727791,NaN,NaN,NaN,0
-909,-2694,2283,19124,30039,9,65647,0.0218911160619612,70.3317174282088,NaN,NaN,NaN,0
-934,-2733,2380,19093,29840,9,65452,0.0353904797121599,72.4066314891641,NaN,NaN,NaN,0
-452,-2731,769,19103,32184,9,65562,0.0266848438794293,70.5634071257006,NaN,NaN,NaN,0
-484,-2752,738,19148,32243,9,65543,0.0179376117333258,70.1253516096349,NaN,NaN,NaN,0
-924,-2713,2298,19073,29977,9,65445,0.0357100614415419,71.2936019415746,NaN,NaN,NaN,0
-894,-2721,2364,19091,29842,9,65522,0.0357535109949827,72.4076724936316,NaN,NaN,NaN,0
-905,-2698,2392,19087,29787,9,65539,0.0359073290451809,72.4080405072623,NaN,NaN,NaN,0
-468,-2707,859,19083,31996,9,65530,0.0359537893833352,72.406767264418,NaN,NaN,NaN,0
-936,-2730,2532,19098,29592,9,65520,0.0362091806626947,72.4082692237031,NaN,NaN,NaN,0
-977,-2753,2537,19112,29668,9,65506,0.0262962665956728,70.4984286889595,NaN,NaN,NaN,0
-428,-2697,735,19082,32161,9,65545,0.0363851774869846,72.407279626473,NaN,NaN,NaN,0
-873,-2720,2348,19098,29841,9,65547,0.0364112157067406,72.4086002439373,NaN,NaN,NaN,0
-463,-2720,844,19097,32000,9,65516,0.0364151020040729,71.9467521673137,NaN,NaN,NaN,0
-924,-2714,2346,19078,29890,9,65462,0.0364875623850843,72.4078876394043,NaN,NaN,NaN,0
-896,-2683,2348,19060,29881,9,65539,0.0367126422090574,72.4088758135737,NaN,NaN,NaN,0
-928,-2716,2360,19084,29858,9,65458,0.0368349301849797,72.4082330192587,NaN,NaN,NaN,0
-880,-2716,2250,19090,29998,9,65486,0.0370027506154976,72.408587527817,NaN,NaN,NaN,0
-909,-2681,2445,19055,29744,9,65564,0.0368972359229022,70.994287710611,NaN,NaN,NaN,0
-910,-2706,2325,19066,29928,9,65478,0.0370773289006796,71.2381712883761,NaN,NaN,NaN,0
-426,-2720,740,19097,32141,9,65523,0.037154816654902,71.2718281440486,NaN,NaN,NaN,0
-946,-2796,2360,19208,29959,9,65611,0.0215940972912519,70.2179156031829,NaN,NaN,NaN,0
-943,-2701,2475,19084,29755,9,65585,0.02621392837829,70.4425156713734,NaN,NaN,NaN,0
-452,-2777,798,19122,32067,9,65449,0.0373896357740889,71.2053372583544,NaN,NaN,NaN,0
-471,-2709,849,19085,31999,9,65507,0.0374188275408725,72.4081117126363,NaN,NaN,NaN,0
-987,-2841,2297,19273,30180,9,65664,0.037530378353569,71.5429127384185,NaN,NaN,NaN,0
-892,-2717,2349,19087,29854,9,65508,0.0375568613415922,72.4094639434049,NaN,NaN,NaN,0
-451,-2640,775,19037,32127,9,65569,0.0376455530271974,72.4089311751414,NaN,NaN,NaN,0
-910,-2699,2397,19086,29770,9,65518,0.0377048578357839,72.409772168572,NaN,NaN,NaN,0
-914,-2705,2373,19089,29807,9,65493,0.0377892315451374,72.0477538544867,NaN,NaN,NaN,0
-475,-2674,693,19089,32325,9,65591,0.0204199896834349,70.1169507933663,NaN,NaN,NaN,0
-952,-2680,2413,19053,29798,9,65466,0.03817258209396,72.3869233207957,NaN,NaN,NaN,0
-455,-2708,762,19084,32120,9,65486,0.0383278757160555,71.5304556704899,NaN,NaN,NaN,0
-913,-2708,2492,19087,29627,9,65543,0.0386047616336626,72.4110367731464,NaN,NaN,NaN,0
-942,-2685,2412,19054,29796,9,65474,0.0386366503736752,72.2440768146221,NaN,NaN,NaN,0
-919,-2765,2403,19111,29773,9,65433,0.0386503849170069,72.4099357096388,NaN,NaN,NaN,0
-470,-2708,801,19079,32070,9,65474,0.0389444750517248,72.4093981093746,NaN,NaN,NaN,0
-933,-2636,2420,19031,29774,9,65538,0.0390570772192346,72.4114748187381,NaN,NaN,NaN,0
-875,-2743,2319,19102,29879,9,65485,0.0391780359876694,72.4109388676678,NaN,NaN,NaN,0
-945,-2662,2386,19047,29823,9,65475,0.0391875278813336,71.6096012175343,NaN,NaN,NaN,0
-929,-2843,2186,19258,30268,9,65612,0.0268403611328184,70.3762874285399,NaN,NaN,NaN,0
-480,-2747,773,19140,32251,9,65623,0.0180758645462692,69.9328561117847,NaN,NaN,NaN,0
-891,-2708,2268,19083,29960,9,65464,0.0395408629287239,72.4111207129252,NaN,NaN,NaN,0
-898,-2775,2286,19191,30046,9,65654,0.0245172040115671,70.2441815396294,NaN,NaN,NaN,0
-949,-2666,2408,19042,29799,9,65469,0.0398541211081391,71.9471191240241,NaN,NaN,NaN,0
-867,-2658,2330,19047,29876,9,65580,0.0398701891543533,72.412647759121,NaN,NaN,NaN,0
-969,-2727,2303,19113,30048,9,65488,0.0190981229504682,69.9505964869564,NaN,NaN,NaN,0
-473,-2827,837,19189,32060,9,65512,0.0212452451007108,70.0486063923208,NaN,NaN,NaN,0
-931,-2645,2418,19065,29854,9,65668,0.0231140805084376,70.1215647344546,NaN,NaN,NaN,0
-471,-2660,748,19042,32160,9,65478,0.0407336238130528,72.0129217715402,NaN,NaN,NaN,0
-920,-2698,2329,19059,29900,9,65440,0.0410436066675483,72.4125585619453,NaN,NaN,NaN,0
-931,-2726,2429,19115,29745,9,65519,0.0317222370884883,70.4885213366421,NaN,NaN,NaN,0
-933,-2729,2352,19100,29942,9,65522,0.0253284107418929,70.1662830784213,NaN,NaN,NaN,0
-951,-2765,2455,19127,29698,9,65430,0.035456321823234,70.6497418285364,NaN,NaN,NaN,0
-964,-2690,2447,19110,29861,9,65667,0.0251711908702456,70.1327632184313,NaN,NaN,NaN,0
-884,-2718,2427,19083,29703,9,65519,0.0426759799725653,72.4151094369892,NaN,NaN,NaN,0
-496,-2728,724,19115,32295,9,65525,0.0194320785457736,69.8304965236769,NaN,NaN,NaN,0
-918,-2678,2426,19056,29725,9,65497,0.042873774293948,72.4151482219344,NaN,NaN,NaN,0
-916,-2748,2421,19093,29730,9,65430,0.0428769054678497,72.4144605273292,NaN,NaN,NaN,0
-447,-2667,876,19039,31955,9,65557,0.0429135968429463,71.1779057141573,NaN,NaN,NaN,0
-387,-2740,608,19098,32347,9,65505,0.0371322530360032,70.7104427917232,NaN,NaN,NaN,0
-917,-2674,2464,19096,29701,9,65639,0.0281233401029345,70.2482239700055,NaN,NaN,NaN,0
-442,-2609,787,19011,32083,9,65577,0.0431628640750588,72.4149482662147,NaN,NaN,NaN,0
-885,-2688,2318,19045,29906,9,65486,0.0432818078776758,72.0058450362791,NaN,NaN,NaN,0
-455,-2689,892,19069,31960,9,65594,0.0347987864215718,70.5709303789798,NaN,NaN,NaN,0
-469,-2767,723,19124,32275,9,65497,0.0239209756565521,70.0173885286622,NaN,NaN,NaN,0
-915,-2744,2449,19111,29741,9,65543,0.0309236089006896,70.3600756370028,NaN,NaN,NaN,0
-886,-2731,2373,19083,29789,9,65467,0.0438337693726434,72.4158069974665,NaN,NaN,NaN,0
-893,-2656,2390,19029,29794,9,65534,0.0438757148006237,72.4165533646436,NaN,NaN,NaN,0
-470,-2720,827,19063,32034,9,65434,0.0439491038754348,72.1088547547904,NaN,NaN,NaN,0
-912,-2628,2462,19030,29660,9,65564,0.0441008571988045,72.4171611315706,NaN,NaN,NaN,0
-465,-2713,864,19064,31975,9,65475,0.0430220366520851,70.9308612265672,NaN,NaN,NaN,0
-905,-2811,2370,19176,29860,9,65520,0.0231171961735191,69.9156607958786,NaN,NaN,NaN,0
-938,-2708,2453,19077,29664,9,65432,0.0449018658796843,71.6353622786252,NaN,NaN,NaN,0
-962,-2799,2359,19175,30018,9,65564,0.0170317460498576,69.6009468446482,NaN,NaN,NaN,0
-911,-2614,2328,19015,29913,9,65549,0.0394056613525829,70.7185122255798,NaN,NaN,NaN,0
-937,-2652,2392,19025,29795,9,65451,0.0455045804019887,72.4175266409883,NaN,NaN,NaN,0
-903,-2757,2242,19151,30055,9,65521,0.0222062719380889,69.822089329558,NaN,NaN,NaN,0
-494,-2781,826,19161,32085,9,65509,0.0220244529174714,69.8094682665834,NaN,NaN,NaN,0
-455,-2673,888,19049,31903,9,65521,0.0459544415796121,72.4174406667248,NaN,NaN,NaN,0
-943,-2663,2578,19066,29493,9,65569,0.0397314010248652,70.6852102924551,NaN,NaN,NaN,0
-959,-2715,2339,19102,29985,9,65519,0.0210152065232828,69.7478820204581,NaN,NaN,NaN,0
-916,-2704,2330,19088,29973,9,65569,0.0247759979491799,69.9304243014296,NaN,NaN,NaN,0
-442,-2814,721,19198,32293,9,65619,0.0181071326304344,69.5914174611026,NaN,NaN,NaN,0
-906,-2743,2397,19112,29833,9,65553,0.0284700599936075,70.105003392908,NaN,NaN,NaN,0
-463,-2680,775,19036,32101,9,65437,0.0468033608169718,71.1808607246132,NaN,NaN,NaN,0
-857,-2627,2344,19008,29841,9,65577,0.0469688229539166,72.4202550293596,NaN,NaN,NaN,0
-896,-2649,2254,19024,30005,9,65471,0.0436605007030748,70.8159071604552,NaN,NaN,NaN,0
-889,-2681,2346,19092,29858,9,65594,0.0317477911579035,70.2182431830493,NaN,NaN,NaN,0
-460,-2680,812,19051,32011,9,65457,0.047459804207883,71.0259198624097,NaN,NaN,NaN,0
-931,-2711,2487,19073,29600,9,65436,0.0476403516799495,71.580779135783,NaN,NaN,NaN,0
-904,-2821,2350,19177,29901,9,65505,0.0226901759251408,69.7512214017575,NaN,NaN,NaN,0
-917,-2620,2350,19019,29860,9,65524,0.0419903232053403,70.7147423981284,NaN,NaN,NaN,0
-922,-2731,2214,19156,30186,9,65620,0.0212409317266983,69.6764603058867,NaN,NaN,NaN,0
-497,-2825,857,19186,32087,9,65529,0.0151562856438432,69.3717297967364,NaN,NaN,NaN,0
-490,-2703,696,19130,32385,9,65651,0.0220638645881765,69.7054372120931,NaN,NaN,NaN,0
-936,-2711,2334,19141,29985,9,65641,0.022369131616404,69.7187846980027,NaN,NaN,NaN,0
-901,-2715,2438,19097,29701,9,65539,0.037587932565098,70.4796660977552,NaN,NaN,NaN,0
-905,-2647,2413,19015,29745,9,65497,0.0484984437359127,72.4211822995342,NaN,NaN,NaN,0
-931,-2752,2378,19135,29951,9,65611,0.0188406760292227,69.5162410219811,NaN,NaN,NaN,0
-448,-2671,826,19064,32010,9,65552,0.0400255568630098,70.5728029238694,NaN,NaN,NaN,0
-459,-2750,836,19157,32073,9,65641,0.0189664645962938,69.5080790967317,NaN,NaN,NaN,0
-412,-2659,712,19035,32145,9,65497,0.0491864206269651,72.4205464495351,NaN,NaN,NaN,0
-918,-2642,2350,19010,29842,9,65442,0.0493771882419671,71.7141218265664,NaN,NaN,NaN,0
-411,-2704,740,19061,32095,9,65467,0.0494376892723762,72.4205188251572,NaN,NaN,NaN,0
-441,-2668,899,19044,31859,9,65527,0.0496046042947342,72.3085635192777,NaN,NaN,NaN,0
-934,-2746,2385,19087,29852,9,65436,0.0359397848922377,70.3149132949096,NaN,NaN,NaN,0
-914,-2671,2406,19067,29851,9,65627,0.026604111535774,69.8458155639828,NaN,NaN,NaN,0
-525,-2818,855,19182,32052,9,65440,0.0212903908135554,69.5723575168451,NaN,NaN,NaN,0
-492,-2784,837,19127,32075,9,65451,0.0297930052683423,69.9952477938064,NaN,NaN,NaN,0
-871,-2761,2330,19118,29872,9,65504,0.0361030316037615,70.309323164686,NaN,NaN,NaN,0
792,-2850,-3744,19197,38685,9,65475,0.0144320268444013,69.2242647683495,NaN,NaN,NaN,0
-942,-2727,2533,19105,29653,9,65591,0.0261599142205231,69.8038616735186,NaN,NaN,NaN,0
-907,-2599,2519,18999,29553,9,65577,0.0505862995986361,72.4242961129756,NaN,NaN,NaN,0
-905,-2791,2215,19186,30123,9,65533,0.014439988089489,69.1874700096602,NaN,NaN,NaN,0
-463,-2760,758,19139,32159,9,65507,0.0273769789165001,69.8255576595274,NaN,NaN,NaN,0
-906,-2704,2481,19052,29607,9,65453,0.0512382208802614,72.1847745290423,NaN,NaN,NaN,0
-501,-2763,835,19129,32133,9,65533,0.0198108465323853,69.3903056759789,NaN,NaN,NaN,0
-898,-2737,2499,19113,29628,9,65582,0.0337882727767721,70.0841571273895,NaN,NaN,NaN,0
-892,-2639,2509,19013,29564,9,65546,0.0521656657846546,72.4256530131282,NaN,NaN,NaN,0
-543,-2810,754,19185,32261,9,65433,0.0152521743200606,69.1517735421709,NaN,NaN,NaN,0
-458,-2709,897,19061,31854,9,65436,0.0523047137446285,71.7768576982667,NaN,NaN,NaN,0
-424,-2749,758,19134,32186,9,65624,0.0222017004758601,69.4824369713366,NaN,NaN,NaN,0
-947,-2738,2401,19112,29776,9,65432,0.0360710002740464,70.1752440706464,NaN,NaN,NaN,0
-497,-2720,690,19118,32335,9,65517,0.0192266772050871,69.3107159830691,NaN,NaN,NaN,0
-863,-2650,2468,19023,29602,9,65558,0.0531450278053856,71.5231352607088,NaN,NaN,NaN,0
-522,-2670,850,19067,32075,9,65525,0.0287157090800544,69.7697504796578,NaN,NaN,NaN,0
-974,-2692,2494,19094,29685,9,65529,0.0292040710653108,69.7865827592236,NaN,NaN,NaN,0
-455,-2777,809,19134,32087,9,65509,0.0297605910005417,69.7995778729299,NaN,NaN,NaN,0
-847,-2636,2319,19028,29915,9,65643,0.0380705749818482,70.2136778054001,NaN,NaN,NaN,0
-516,-2778,593,19183,32578,9,65542,0.0155697508821379,69.0872057444795,NaN,NaN,NaN,0
-427,-2647,708,19009,32174,9,65460,0.0516267503912,70.8832980267205,NaN,NaN,NaN,0
-876,-2710,2262,19076,30037,9,65541,0.0320451701448339,69.900802707093,NaN,NaN,NaN,0
-472,-2768,686,19140,32279,9,65451,0.0270404098932586,69.639954152768,NaN,NaN,NaN,0
-895,-2755,2267,19124,30077,9,65559,0.0204434011580166,69.2994024463148,NaN,NaN,NaN,0
-959,-2682,2335,19086,29972,9,65532,0.023273950067386,69.4006427753763,NaN,NaN,NaN,0
-454,-2685,829,19084,32119,9,65667,0.022250211509015,69.3484330277547,NaN,NaN,NaN,0
-987,-2718,2507,19143,29726,9,65616,0.0196625619323099,69.2129767494939,NaN,NaN,NaN,0
-955,-2688,2515,19048,29644,9,65484,0.0404729542602602,70.2380150904532,NaN,NaN,NaN,0
792,-2832,-3757,19195,38730,9,65526,0.00935125313386549,68.6693326539278,NaN,NaN,NaN,0
-903,-2625,2340,18994,29845,9,65457,0.0521839062635551,70.7964194696691,NaN,NaN,NaN,0
-911,-2770,2222,19190,30148,9,65610,0.0204709519410359,69.20693596691,NaN,NaN,NaN,0
-897,-2625,2397,19001,29712,9,65464,0.0563646513437508,72.4293040680119,NaN,NaN,NaN,0
-542,-2813,676,19209,32479,9,65539,0.0185977403377767,69.0957132678606,NaN,NaN,NaN,0
-469,-2707,853,19097,31993,9,65541,0.0341375806887496,69.8667991909185,NaN,NaN,NaN,0
-480,-2729,706,19094,32281,9,65463,0.029491632484604,69.6332316161235,NaN,NaN,NaN,0
-466,-2825,790,19195,32136,9,65524,0.0186217596400977,69.0851816784149,NaN,NaN,NaN,0
-882,-2689,2202,19101,30105,9,65569,0.0264814845275616,69.46458719398,NaN,NaN,NaN,0
-499,-2772,732,19173,32278,9,65546,0.0115153889402768,68.7111100883434,NaN,NaN,NaN,0
-438,-2714,637,19096,32323,9,65485,0.0336836448889551,69.7944432268939,NaN,NaN,NaN,0
-448,-2675,662,19094,32343,9,65609,0.0220744387360091,69.2095408946358,NaN,NaN,NaN,0
-877,-2650,2331,19003,29814,9,65428,0.0579922818263553,72.4306325391972,NaN,NaN,NaN,0
-556,-2800,676,19178,32436,9,65432,0.0153849185675271,68.861170363,NaN,NaN,NaN,0
-917,-2730,2325,19155,29964,9,65630,0.0205392358970491,69.1082157645198,NaN,NaN,NaN,0
-445,-2711,738,19082,32223,9,65551,0.030086011875369,69.5829925680329,NaN,NaN,NaN,0
-491,-2658,808,19087,32148,9,65640,0.0198886504341748,69.0531385489843,NaN,NaN,NaN,0
-469,-2628,858,19023,32009,9,65577,0.0392565534100792,70.0194666247647,NaN,NaN,NaN,0
-435,-2681,673,19111,32329,9,65665,0.0214120302629929,69.100227161584,NaN,NaN,NaN,0
-513,-2786,739,19169,32254,9,65472,0.0165388892211308,68.8382994513343,NaN,NaN,NaN,0
-485,-2861,752,19214,32200,9,65440,0.0183723440359889,68.9273524019764,NaN,NaN,NaN,0
-969,-2714,2491,19117,29682,9,65532,0.0271306761776558,69.3461634432982,NaN,NaN,NaN,0
-483,-2784,788,19184,32171,9,65581,0.0135211332796203,68.6481925249026,NaN,NaN,NaN,0
-517,-2811,916,19178,32029,9,65561,0.0120257991996689,68.5682967080285,NaN,NaN,NaN,0
-462,-2649,716,19033,32216,9,65492,0.0402221197094493,69.9655281015186,NaN,NaN,NaN,0
-531,-2698,814,19103,32161,9,65537,0.0196375065144102,68.9322620475725,NaN,NaN,NaN,0
-958,-2714,2497,19087,29607,9,65431,0.0427067425229462,70.0735312512146,NaN,NaN,NaN,0
-418,-2790,648,19144,32334,9,65502,0.0271037586066863,69.2767409026336,NaN,NaN,NaN,0
-896,-2674,2260,19081,30094,9,65636,0.019986511912526,68.9055405658521,NaN,NaN,NaN,0
-494,-2775,825,19158,32194,9,65622,0.018815730000266,68.8280128947,NaN,NaN,NaN,0
-510,-2687,750,19066,32201,9,65439,0.03396585444181,69.5820497144403,NaN,NaN,NaN,0
-487,-2753,782,19138,32141,9,65501,0.0252568800055611,69.1129369941699,NaN,NaN,NaN,0
-906,-2739,2530,19105,29565,9,65545,0.0384148644537119,69.7539535742081,NaN,NaN,NaN,0
-371,-2779,603,19131,32322,9,65490,0.0376040133825299,69.7114987415157,NaN,NaN,NaN,0
-949,-2699,2370,19083,29845,9,65455,0.0354576092056169,69.5771971342632,NaN,NaN,NaN,0
-877,-2690,2374,19059,29824,9,65556,0.0394281243659716,69.7460433523607,NaN,NaN,NaN,0
-427,-2704,841,19060,31962,9,65502,0.0476875662446302,70.130363639908,NaN,NaN,NaN,0
-451,-2741,581,19134,32463,9,65509,0.0210336629099833,68.79146609796,NaN,NaN,NaN,0
-509,-2742,804,19122,32191,9,65541,0.0177397097813237,68.6055787624833,NaN,NaN,NaN,0
-453,-2744,786,19111,32156,9,65556,0.0266952673374075,69.0521245063095,NaN,NaN,NaN,0
-498,-2782,659,19152,32425,9,65487,0.0131080382679753,68.3648964862888,NaN,NaN,NaN,0
-867,-2669,2420,19045,29664,9,65522,0.0516849265252057,70.2755686931526,NaN,NaN,NaN,0
-485,-2706,837,19069,32065,9,65495,0.0352370675613138,69.437603086366,NaN,NaN,NaN,0
843,-2724,-3743,19114,38643,9,65623,0.0222628608011,68.7640294309191,NaN,NaN,NaN,0
-479,-2666,772,19055,32125,9,65489,0.0384290553998402,69.5629755592486,NaN,NaN,NaN,0
-553,-2779,717,19208,32448,9,65634,0.027945958701825,69.0377070395849,NaN,NaN,NaN,0
-507,-2721,912,19121,32048,9,65658,0.0217674308619635,68.7081216232533,NaN,NaN,NaN,0
-520,-2850,666,19245,32439,9,65521,0.0162882417346541,68.3933016653137,NaN,NaN,NaN,0
-489,-2659,699,19081,32337,9,65601,0.0182694266928297,68.4815496619049,NaN,NaN,NaN,0
-484,-2714,875,19088,31940,9,65470,0.0403821506171829,69.5864448282239,NaN,NaN,NaN,0
-903,-2690,2390,19044,29812,9,65494,0.0425030416856205,69.6883980311685,NaN,NaN,NaN,0
-911,-2661,2284,19049,29949,9,65471,0.0409932940457705,69.6029759796143,NaN,NaN,NaN,0
-485,-2737,821,19157,32126,9,65638,0.0194373214443126,68.5242235850461,NaN,NaN,NaN,0
-437,-2747,754,19098,32153,9,65489,0.0363861051799932,69.3682079385965,NaN,NaN,NaN,0
-489,-2722,886,19092,32027,9,65561,0.0270288380701029,68.8999130838952,NaN,NaN,NaN,0
-467,-2761,815,19135,32054,9,65498,0.0310866649285097,69.1022665984542,NaN,NaN,NaN,0
772,-2843,-3767,19206,38755,9,65491,0.00784829207632692,67.9392607408883,NaN,NaN,NaN,0
-447,-2754,610,19155,32517,9,65645,0.0216475027945872,68.6280938438249,NaN,NaN,NaN,0
-955,-2645,2367,19080,29971,9,65665,0.02422031728071,68.7559892584702,NaN,NaN,NaN,0
-977,-2737,2456,19133,29863,9,65613,0.0200977901684534,68.5247248655744,NaN,NaN,NaN,0
-533,-2696,795,19130,32256,9,65648,0.0224320482206086,68.6290268963245,NaN,NaN,NaN,0
-907,-2704,2195,19138,30202,9,65646,0.0231934531067673,68.654762690882,NaN,NaN,NaN,0
-422,-2678,826,19022,31956,9,65452,0.0573246126673247,70.3493812364388,NaN,NaN,NaN,0
-477,-2680,711,19071,32240,9,65490,0.0332215679977064,69.1434894830947,NaN,NaN,NaN,0
-475,-2671,731,19092,32251,9,65605,0.0214620593725778,68.5501315179306,NaN,NaN,NaN,0
-531,-2700,873,19097,32084,9,65562,0.019751080798092,68.4586586441469,NaN,NaN,NaN,0
-920,-2672,2467,19058,29750,9,65616,0.0303003705673851,68.9814445961883,NaN,NaN,NaN,0
-428,-2774,813,19139,32034,9,65534,0.0332720751729866,69.1289106113022,NaN,NaN,NaN,0
-481,-2665,720,19044,32224,9,65460,0.0384220532994268,69.3728362278204,NaN,NaN,NaN,0
-944,-2708,2360,19080,29923,9,65499,0.0289083666047917,68.8928788808275,NaN,NaN,NaN,0
820,-2811,-3718,19186,38633,9,65587,0.0128081531090697,68.0638886903823,NaN,NaN,NaN,0
-925,-2721,2503,19119,29634,9,65586,0.0297504165901421,68.9096279068831,NaN,NaN,NaN,0
-441,-2765,749,19158,32179,9,65581,0.0216770260201972,68.4889124115419,NaN,NaN,NaN,0
-492,-2836,786,19204,32153,9,65477,0.0173595020871628,68.2712061164957,NaN,NaN,NaN,0
-499,-2735,679,19124,32337,9,65475,0.021635516699246,68.4792966414702,NaN,NaN,NaN,0
-897,-2678,2402,19060,29839,9,65613,0.030917980467876,68.9324339001747,NaN,NaN,NaN,0
-465,-2658,627,19070,32419,9,65567,0.0234532667587153,68.5202585096525,NaN,NaN,NaN,0
-932,-2780,2421,19156,29869,9,65599,0.0175192912720481,68.2182615948983,NaN,NaN,NaN,0
-401,-2705,766,19093,32136,9,65642,0.0307950242256386,68.8794204601356,NaN,NaN,NaN,0
-959,-2782,2306,19197,30044,9,65568,0.0175202807247795,68.1842056005392,NaN,NaN,NaN,0
-444,-2732,674,19120,32277,9,65513,0.0289826630663468,68.7477024077588,NaN,NaN,NaN,0
-905,-2777,2392,19167,29829,9,65583,0.0207423637373742,68.3302429958094,NaN,NaN,NaN,0
-994,-2821,2510,19238,29767,9,65633,0.0261769044426015,68.585839571322,NaN,NaN,NaN,0
-911,-2734,2358,19115,29961,9,65617,0.0182844271962428,68.1855209796841,NaN,NaN,NaN,0
-446,-2679,722,19080,32196,9,65550,0.033286383333587,68.9336055782188,NaN,NaN,NaN,0
-905,-2670,2321,19052,29955,9,65551,0.0330418505178554,68.9068876045869,NaN,NaN,NaN,0
-950,-2766,2280,19129,30088,9,65474,0.0186850470855954,68.1619424173233,NaN,NaN,NaN,0
-901,-2699,2335,19073,29948,9,65564,0.0295341657391127,68.7036003846021,NaN,NaN,NaN,0
-901,-2727,2418,19106,29727,9,65519,0.0374510888554199,69.0949493108935,NaN,NaN,NaN,0
-944,-2729,2461,19139,29727,9,65581,0.0227275584652349,68.3520207401903,NaN,NaN,NaN,0
827,-2783,-3757,19122,38629,9,65447,0.0329461167642815,68.8317086137625,NaN,NaN,NaN,0
-494,-2764,716,19167,32293,9,65543,0.012992184758674,67.8184382357957,NaN,NaN,NaN,0
-938,-2696,2461,19087,29667,9,65495,0.0389512676824624,69.1114924187777,NaN,NaN,NaN,0
-477,-2704,801,19130,32144,9,65644,0.0194581051413948,68.1322908923075,NaN,NaN,NaN,0
-868,-2610,2521,18955,29432,9,65428,0.0768214636822418,72.4509810192353,NaN,NaN,NaN,0
-978,-2610,2521,19028,29660,9,65582,0.033139244964418,68.8142190736403,NaN,NaN,NaN,0
-916,-2696,2451,19075,29654,9,65482,0.0447472029430436,69.3942854050585,NaN,NaN,NaN,0
-901,-2752,2475,19132,29706,9,65614,0.0256779659027752,68.4321142505036,NaN,NaN,NaN,0
763,-2796,-3710,19180,38679,9,65553,0.00696986226702794,67.4766734608626,NaN,NaN,NaN,0
778,-2853,-3814,19213,38842,9,65490,0.00796073198755209,67.5093688794079,NaN,NaN,NaN,0
-465,-2699,812,19064,32100,9,65524,0.0351915872318549,68.8667064334101,NaN,NaN,NaN,0
-906,-2697,2364,19086,29801,9,65495,0.0397825299480968,69.0915275655182,NaN,NaN,NaN,0
-932,-2686,2307,19082,29952,9,65494,0.0318923267377272,68.6835595340575,NaN,NaN,NaN,0
785,-2797,-3776,19174,38758,9,65530,0.010456287224621,67.6022833113294,NaN,NaN,NaN,0
-499,-2702,806,19107,32199,9,65623,0.0175007544751256,67.9501994484068,NaN,NaN,NaN,0
-462,-2768,807,19128,32041,9,65451,0.0367840208737036,68.9090449670499,NaN,NaN,NaN,0
-475,-2697,695,19084,32316,9,65530,0.0253221375724989,68.3349569366128,NaN,NaN,NaN,0
-531,-2692,768,19089,32227,9,65495,0.0227873184323836,68.2062508121243,NaN,NaN,NaN,0
-564,-2768,884,19160,32059,9,65483,0.0152204031685294,67.8234022266258,NaN,NaN,NaN,0
-884,-2691,2322,19083,29994,9,65654,0.021984308736823,68.1599847134486,NaN,NaN,NaN,0
-939,-2730,2291,19110,29967,9,65431,0.0320404412053658,68.6554747757083,NaN,NaN,NaN,0
-491,-2688,749,19102,32284,9,65628,0.0181172938658118,67.9463846721951,NaN,NaN,NaN,0
-460,-2629,771,19029,32107,9,65529,0.0419795644219735,69.1375530350572,NaN,NaN,NaN,0
-457,-2768,637,19155,32365,9,65499,0.0212447201490854,68.0933970442453,NaN,NaN,NaN,0
-467,-2728,646,19140,32466,9,65648,0.0218655128650504,68.1223412619807,NaN,NaN,NaN,0
-474,-2687,818,19078,32134,9,65604,0.0249497810455832,68.2760902174338,NaN,NaN,NaN,0
-475,-2647,710,19033,32236,9,65478,0.0390350696683801,68.9689580483227,NaN,NaN,NaN,0
779,-2825,-3784,19177,38746,9,65440,0.0166202817049863,67.8378787381631,NaN,NaN,NaN,0
-975,-2664,2371,19103,29990,9,65660,0.0251591765844441,68.2625779890523,NaN,NaN,NaN,0
-870,-2610,2467,18994,29656,9,65618,0.0486059886097651,69.4302872920416,NaN,NaN,NaN,0
-470,-2739,794,19101,32166,9,65538,0.0262726674676159,68.3095767759017,NaN,NaN,NaN,0
-908,-2764,2453,19140,29702,9,65544,0.0303744250850239,68.508556270869,NaN,NaN,NaN,0
-458,-2665,630,19062,32367,9,65505,0.0322400006436598,68.5990562343374,NaN,NaN,NaN,0
-874,-2704,2379,19078,29749,9,65507,0.0452500312289438,69.2401644234711,NaN,NaN,NaN,0
-533,-2752,810,19126,32191,9,65493,0.0177440145070379,67.8635367563273,NaN,NaN,NaN,0
-934,-2845,2338,19214,30029,9,65575,0.0186370241668023,67.9068719262476,NaN,NaN,NaN,0
822,-2796,-3757,19167,38717,9,65589,0.0122364112854575,67.5783546015698,NaN,NaN,NaN,0
-452,-2768,864,19130,31994,9,65542,0.0307697638675588,68.5026174058931,NaN,NaN,NaN,0
-531,-2757,816,19166,32250,9,65638,0.0225780219227297,68.0897734564017,NaN,NaN,NaN,0
-904,-2748,2408,19085,29752,9,65434,0.0440802074239221,69.1631856529264,NaN,NaN,NaN,0
-478,-2785,466,19191,32743,9,65531,0.0141369093565503,67.6587791030484,NaN,NaN,NaN,0
-880,-2730,2393,19103,29813,9,65585,0.0314593841605634,68.4995478061589,NaN,NaN,NaN,0
-911,-2700,2318,19061,29952,9,65488,0.0358307875583022,68.709798388405,NaN,NaN,NaN,0
-928,-2747,2427,19171,29815,9,65661,0.0242559111676454,68.1188018795987,NaN,NaN,NaN,0
-437,-2761,873,19142,31958,9,65592,0.0293012483439736,68.3623647488226,NaN,NaN,NaN,0
-849,-2745,2292,19083,29875,9,65437,0.0489884730423473,69.3326268968891,NaN,NaN,NaN,0
-493,-2736,837,19128,32049,9,65521,0.0269410939757198,68.2286425120758,NaN,NaN,NaN,0
-971,-2756,2191,19148,30239,9,65463,0.0114447976475155,67.4511475722196,NaN,NaN,NaN,0
-512,-2821,612,19225,32526,9,65534,0.0165552463590518,67.6786769532954,NaN,NaN,NaN,0
-491,-2664,846,19057,32006,9,65502,0.0390592209328808,68.7848901177408,NaN,NaN,NaN,0
-473,-2669,646,19084,32391,9,65567,0.0216118428629361,67.90934053932,NaN,NaN,NaN,0
-410,-2753,821,19115,31993,9,65539,0.0396137760393375,68.8007174518324,NaN,NaN,NaN,0
-461,-2634,761,19061,32173,9,65627,0.0281329299323643,68.1991663599041,NaN,NaN,NaN,0
-450,-2755,628,19128,32449,9,65551,0.0167588971375216,67.6194244064932,NaN,NaN,NaN,0
811,-2793,-3627,19156,38459,9,65553,0.0229737224504043,67.9249035146132,NaN,NaN,NaN,0
-959,-2713,2433,19128,29786,9,65564,0.021807286287906,67.8615391343201,NaN,NaN,NaN,0
-452,-2662,776,19029,32117,9,65499,0.0435358963371086,68.9429651262567,NaN,NaN,NaN,0
-887,-2661,2478,19033,29649,9,65575,0.0448420088817799,69.0054511440776,NaN,NaN,NaN,0
-497,-2825,805,19178,32196,9,65518,0.0131581042580145,67.4153346811986,NaN,NaN,NaN,0
-429,-2779,828,19164,32075,9,65643,0.019476009265396,67.7120753943283,NaN,NaN,NaN,0
-462,-2672,768,19061,32105,9,65495,0.0404776635682157,68.7504504743114,NaN,NaN,NaN,0
-986,-2722,2409,19106,29826,9,65440,0.028882049389774,68.1658298768592,NaN,NaN,NaN,0
-997,-2760,2489,19157,29713,9,65491,0.0205243553341358,67.7342150429992,NaN,NaN,NaN,0
-941,-2717,2356,19112,29868,9,65488,0.0300682514647825,68.2072692245556,NaN,NaN,NaN,0
-950,-2703,2314,19099,29967,9,65487,0.0272000964654264,68.0633874975384,NaN,NaN,NaN,0
-879,-2746,2378,19114,29834,9,65568,0.0309617742032705,68.2341109202333,NaN,NaN,NaN,0
-465,-2680,827,19086,32037,9,65573,0.0326731515300331,68.307717005047,NaN,NaN,NaN,0
-878,-2732,2332,19118,29862,9,65542,0.0336268745282033,68.3431557284388,NaN,NaN,NaN,0
-913,-2776,2433,19171,29772,9,65602,0.0192795139851403,67.6160388624612,NaN,NaN,NaN,0
-507,-2725,612,19148,32535,9,65591,0.0172953780820274,67.4683651924264,NaN,NaN,NaN,0
-457,-2814,847,19192,32039,9,65575,0.0190318407899135,67.5498875365215,NaN,NaN,NaN,0
-965,-2749,2344,19174,29991,9,65599,0.0198878564519683,67.5893743906884,NaN,NaN,NaN,0
-930,-2766,2456,19139,29797,9,65595,0.018689997559787,67.5199113940784,NaN,NaN,NaN,0
-502,-2704,797,19113,32145,9,65553,0.0222944773214372,67.692667112941,NaN,NaN,NaN,0
-455,-2627,772,19007,32113,9,65507,0.0459571016945594,68.8608599149199,NaN,NaN,NaN,0
-914,-2666,2293,19096,30001,9,65619,0.021616785869361,67.6281218890234,NaN,NaN,NaN,0
-886,-2664,2422,19064,29694,9,65566,0.0427776920323035,68.6823988788338,NaN,NaN,NaN,0
-541,-2704,778,19132,32294,9,65624,0.0202210095411545,67.5301607794687,NaN,NaN,NaN,0
-475,-2696,959,19097,31823,9,65593,0.0342308607926001,68.2295904118188,NaN,NaN,NaN,0
808,-2863,-3784,19234,38805,9,65595,0.0117064194622857,67.098967677185,NaN,NaN,NaN,0
-978,-2721,2352,19110,29999,9,65525,0.0161314364265127,67.2979948096362,NaN,NaN,NaN,0
-494,-2765,754,19170,32224,9,65554,0.0138832742017835,67.1843199730695,NaN,NaN,NaN,0
-1002,-2679,2410,19111,29953,9,65633,0.0231131164481754,67.641521586426,NaN,NaN,NaN,0
-447,-2748,796,19139,32085,9,65565,0.0274126720240738,67.8499174706879,NaN,NaN,NaN,0
-513,-2698,744,19130,32340,9,65666,0.0244794747158276,67.6859814673647,NaN,NaN,NaN,0
-881,-2679,2462,19064,29620,9,65552,0.0462439086231996,68.7581646051454,NaN,NaN,NaN,0
-474,-2687,797,19064,32141,9,65541,0.0316266292396781,68.0164871130816,NaN,NaN,NaN,0
823,-2712,-3682,19092,38535,9,65577,0.0289568447567609,67.8822586776851,NaN,NaN,NaN,0
-474,-2681,729,19041,32198,9,65428,0.0425321399760731,68.5546067566421,NaN,NaN,NaN,0
-881,-2619,2317,19026,29855,9,65541,0.0459736465318534,68.7237648439926,NaN,NaN,NaN,0
-945,-2709,2333,19123,29949,9,65553,0.0204748732799484,67.4356208218374,NaN,NaN,NaN,0
-899,-2717,2298,19101,30050,9,65616,0.0188447367259328,67.3534731210765,NaN,NaN,NaN,0
-961,-2716,2398,19146,29883,9,65617,0.0198333563923934,67.4026444998451,NaN,NaN,NaN,0
-489,-2802,746,19164,32314,9,65552,0.0114245965212514,66.9758418657799,NaN,NaN,NaN,0
-540,-2702,808,19114,32185,9,65545,0.0158388325652888,67.1951586642618,NaN,NaN,NaN,0
774,-2853,-3775,19235,38832,9,65594,0.0139731866349973,67.0755810606897,NaN,NaN,NaN,0
-497,-2747,845,19155,32067,9,65579,0.0179234144607958,67.2709950026992,NaN,NaN,NaN,0
-484,-2767,811,19156,32228,9,65660,0.0232129502340404,67.5353285337504,NaN,NaN,NaN,0
-496,-2736,741,19116,32288,9,65538,0.01774554522283,67.2364464411875,NaN,NaN,NaN,0
-486,-2808,801,19218,32176,9,65626,0.020086959765369,67.3485505196437,NaN,NaN,NaN,0
-481,-2722,728,19108,32302,9,65568,0.0181152080990184,67.2458286850426,NaN,NaN,NaN,0
-928,-2655,2415,19094,29803,9,65655,0.0229991031064695,67.4889349464272,NaN,NaN,NaN,0
-522,-2742,685,19157,32444,9,65600,0.0188814347891464,67.2801897416222,NaN,NaN,NaN,0
-880,-2879,2181,19219,30188,9,65470,0.0147081148833586,67.0698278358376,NaN,NaN,NaN,0
815,-2826,-3767,19199,38763,9,65605,0.0122066359325,66.9414177458186,NaN,NaN,NaN,0
-463,-2850,690,19214,32284,9,65466,0.0174380611848638,67.1841003654055,NaN,NaN,NaN,0
-460,-2749,828,19141,32042,9,65562,0.0268320003268922,67.6512166632355,NaN,NaN,NaN,0
-887,-2660,2358,19043,29759,9,65467,0.0516520180357909,68.8859563458306,NaN,NaN,NaN,0
781,-2880,-3648,19212,38507,9,65437,0.0192224862264941,67.261217350968,NaN,NaN,NaN,0
-924,-2771,2425,19157,29764,9,65538,0.0251293238505679,67.5561915941767,NaN,NaN,NaN,0
-549,-2748,724,19174,32399,9,65601,0.0206770261968076,67.3252065793364,NaN,NaN,NaN,0
-532,-2801,669,19235,32504,9,65646,0.02999411686478,67.7841941827943,NaN,NaN,NaN,0
-991,-2672,2420,19061,29849,9,65485,0.0286227519009494,67.7149878371934,NaN,NaN,NaN,0
-505,-2826,836,19178,32154,9,65520,0.0129450585091015,66.9297349119694,NaN,NaN,NaN,0
-870,-2781,2241,19160,30023,9,65523,0.0261487918950646,67.587599779794,NaN,NaN,NaN,0
826,-2748,-3774,19123,38701,9,65555,0.0222766965857746,67.3926528131817,NaN,NaN,NaN,0
-422,-2783,755,19140,32105,9,65485,0.0361310606216344,68.0832984661805,NaN,NaN,NaN,0
-542,-2788,697,19219,32457,9,65629,0.0271365895470823,67.6317163368342,NaN,NaN,NaN,0
-501,-2733,731,19107,32288,9,65496,0.0217419886397298,67.3509880136343,NaN,NaN,NaN,0
-486,-2773,843,19178,32070,9,65594,0.0151460321550621,67.0153136178699,NaN,NaN,NaN,0
-456,-2705,717,19098,32203,9,65511,0.0326016708250632,67.8879225154249,NaN,NaN,NaN,0
-475,-2658,746,19038,32191,9,65493,0.0379514142292286,68.149496359864,NaN,NaN,NaN,0
-522,-2730,714,19129,32365,9,65547,0.0109337448970432,66.7881239005398,NaN,NaN,NaN,0
-465,-2714,981,19066,31765,9,65501,0.0469707662725211,68.5888921511426,NaN,NaN,NaN,0
-488,-2812,817,19230,32171,9,65665,0.0251915670540668,67.4998872086655,NaN,NaN,NaN,0
-511,-2813,771,19216,32230,9,65556,0.0133677922525151,66.9010439045154,NaN,NaN,NaN,0
808,-2785,-3846,19168,38868,9,65558,0.00901392632489721,66.6806600768127,NaN,NaN,NaN,0
-936,-2759,2329,19139,29893,9,65439,0.0306228776487204,67.7608185515093,NaN,NaN,NaN,0
-935,-2827,2236,19167,30177,9,65459,0.0135542227463184,66.9027882923243,NaN,NaN,NaN,0
-848,-2805,2206,19200,30120,9,65626,0.0201003761569626,67.2180677838304,NaN,NaN,NaN,0
-398,-2758,783,19125,32064,9,65568,0.0355655512888079,67.9767095350501,NaN,NaN,NaN,0
-947,-2658,2326,19089,29995,9,65615,0.018159159762933,67.101378184257,NaN,NaN,NaN,0
-966,-2682,2371,19095,29977,9,65613,0.0190683598831591,67.1318430451506,NaN,NaN,NaN,0
-485,-2673,854,19039,32023,9,65493,0.0405724958732727,68.2037760935449,NaN,NaN,NaN,0
-936,-2682,2383,19107,29853,9,65597,0.0233117048885737,67.3378135626215,NaN,NaN,NaN,0
-520,-2719,888,19070,31998,9,65436,0.0366296041169367,68.0035057727316,NaN,NaN,NaN,0
-972,-2741,2385,19181,29952,9,65658,0.026981311306371,67.5183919608523,NaN,NaN,NaN,0
-804,-2583,2424,18951,29577,9,65553,0.0721776933849926,69.7486939179439,NaN,NaN,NaN,0
-470,-2754,764,19159,32177,9,65575,0.0184444161194577,67.0611769235812,NaN,NaN,NaN,0
-453,-2755,730,19091,32218,9,65444,0.0359679038524415,67.9159721089489,NaN,NaN,NaN,0
-1014,-2784,2420,19195,30005,9,65639,0.0294835515753538,67.5833419105125,NaN,NaN,NaN,0
-869,-2742,2264,19091,30007,9,65495,0.0356623288712559,67.8877927362014,NaN,NaN,NaN,0
-443,-2713,862,19077,31990,9,65556,0.0374215315547206,67.9429036337433,NaN,NaN,NaN,0
842,-2766,-3826,19169,38815,9,65653,0.0175094519752465,66.9409990346057,NaN,NaN,NaN,0
-450,-2718,779,19081,32172,9,65556,0.0299565326509418,67.5601813348213,NaN,NaN,NaN,0
-539,-2784,756,19203,32309,9,65581,0.0181007554916529,66.9617875732447,NaN,NaN,NaN,0
773,-2864,-3704,19223,38700,9,65556,0.00716676013948643,66.4148378252103,NaN,NaN,NaN,0
-467,-2704,652,19087,32313,9,65449,0.0340736126638303,67.7520187740722,NaN,NaN,NaN,0
-424,-2729,796,19091,32081,9,65549,0.0364432287621135,67.8654609268392,NaN,NaN,NaN,0
-460,-2753,911,19140,31904,9,65580,0.0291996063204703,67.5017480910565,NaN,NaN,NaN,0
-930,-2797,2293,19172,30126,9,65602,0.02074450833472,67.0788796655512,NaN,NaN,NaN,0
-452,-2761,747,19134,32269,9,65605,0.0161044297846605,66.8462205065791,NaN,NaN,NaN,0
-529,-2702,744,19118,32292,9,65554,0.0131179437388097,66.6934606694404,NaN,NaN,NaN,0
-455,-2690,785,19082,32195,9,65639,0.0221786806105436,67.1371495627509,NaN,NaN,NaN,0
-562,-2792,690,19212,32480,9,65576,0.0240352360265546,67.2250496246929,NaN,NaN,NaN,0
755,-2822,-3721,19226,38766,9,65642,0.0184575645367652,66.9423530704221,NaN,NaN,NaN,0
-418,-2614,790,18960,32002,9,65438,0.0654583412222372,69.2820384925544,NaN,NaN,NaN,0
-960,-2777,2348,19148,30028,9,65546,0.0138168984371453,66.6999207324048,NaN,NaN,NaN,0
-913,-2654,2431,19032,29779,9,65571,0.0374831104669744,67.875507681664,NaN,NaN,NaN,0
-406,-2811,685,19205,32291,9,65637,0.0190984850933727,66.951582291703,NaN,NaN,NaN,0
-918,-2699,2358,19089,29814,9,65474,0.0392422631347199,67.9572735378501,NaN,NaN,NaN,0
-463,-2754,865,19106,32003,9,65511,0.0339372293990387,67.6850092282271,NaN,NaN,NaN,0
-917,-2831,2399,19191,29807,9,65491,0.0236057242090564,67.1655401491714,NaN,NaN,NaN,0
-960,-2710,2282,19134,30154,9,65646,0.0254038924458205,67.2444557525233,NaN,NaN,NaN,0
-519,-2748,630,19168,32542,9,65604,0.0205838857918174,66.999884864558,NaN,NaN,NaN,0
-561,-2739,752,19155,32338,9,65552,0.0143054867515089,66.6734796543405,NaN,NaN,NaN,0
765,-2804,-3740,19165,38697,9,65469,0.0151505025038887,66.7124232861076,NaN,NaN,NaN,0
-945,-2698,2396,19054,29839,9,65453,0.0379301687478021,67.8511216521788,NaN,NaN,NaN,0
774,-2742,-3677,19147,38614,9,65618,0.0133099598399922,66.6152116409896,NaN,NaN,NaN,0
-505,-2736,621,19140,32467,9,65507,0.0125544278105607,66.5748388399994,NaN,NaN,NaN,0
-956,-2691,2300,19094,30074,9,65568,0.0159242032596902,66.7379502315631,NaN,NaN,NaN,0
-518,-2819,757,19228,32274,9,65570,0.0163900158091515,66.7605143933183,NaN,NaN,NaN,0
-974,-2827,2509,19159,29701,9,65435,0.0252043452620563,67.1934388194411,NaN,NaN,NaN,0
-914,-2738,2318,19162,29957,9,65613,0.0184635630985317,66.8561932467845,NaN,NaN,NaN,0
-988,-2614,2550,19014,29620,9,65544,0.0369509930154513,67.7803892086304,NaN,NaN,NaN,0
1452,-2842,-6006,19193,41928,9,65522,0.0129316057671132,66.5767432579143,NaN,NaN,NaN,0
-967,-2696,2432,19052,29788,9,65430,0.0385505666033427,67.8469689410269,NaN,NaN,NaN,0
804,-2848,-3865,19214,38935,9,65545,0.00637640017983451,66.2292324801024,NaN,NaN,NaN,0
803,-2759,-3691,19120,38540,9,65486,0.0299000967545405,67.3991598752279,NaN,NaN,NaN,0
-557,-2786,739,19197,32351,9,65537,0.0156957906045053,66.6732927976297,NaN,NaN,NaN,0
-873,-2694,2427,19073,29669,9,65535,0.0461415731125482,68.1954630109579,NaN,NaN,NaN,0
-389,-2711,795,19085,32037,9,65597,0.040274168831695,67.8831327944261,NaN,NaN,NaN,0
-490,-2733,763,19114,32259,9,65567,0.0170679390263178,66.719097618456,NaN,NaN,NaN,0
-396,-2783,623,19142,32374,9,65546,0.025592466284764,67.1252685638025,NaN,NaN,NaN,0
-534,-2665,832,19076,32120,9,65538,0.0240133255362814,67.0438378384436,NaN,NaN,NaN,0
786,-2817,-3824,19169,38814,9,65442,0.0163329550579679,66.6490854795906,NaN,NaN,NaN,0
756,-2826,-3764,19228,38820,9,65608,0.0156917066880799,66.598508964762,NaN,NaN,NaN,0
-447,-2733,810,19108,32020,9,65496,0.0388649594398915,67.7476221528006,NaN,NaN,NaN,0
-908,-2766,2456,19138,29759,9,65599,0.0230658747005865,66.9467771081891,NaN,NaN,NaN,0
-974,-2703,2416,19099,29802,9,65478,0.0295024608819981,67.2589067882414,NaN,NaN,NaN,0
-515,-2717,797,19100,32113,9,65443,0.0318013236887295,67.3734630204522,NaN,NaN,NaN,0
1413,-2936,-6029,19310,42093,9,65609,0.022598887120516,66.9108258566122,NaN,NaN,NaN,0
-979,-2770,2317,19178,30023,9,65515,0.0116982212415886,66.349807976187,NaN,NaN,NaN,0
-918,-2707,2308,19104,29916,9,65490,0.0331217652932978,67.41987494112,NaN,NaN,NaN,0
-927,-2758,2451,19156,29730,9,65574,0.0231515784266662,66.9182786855021,NaN,NaN,NaN,0
-515,-2689,712,19117,32350,9,65600,0.01611499913518,66.5513822593622,NaN,NaN,NaN,0
783,-2799,-3807,19162,38778,9,65456,0.0172389355312021,66.6057342755919,NaN,NaN,NaN,0
-491,-2691,796,19080,32087,9,65475,0.0361202503830294,67.5454881323504,NaN,NaN,NaN,0
847,-2744,-3760,19133,38710,9,65662,0.0179547811072391,66.6342777122993,NaN,NaN,NaN,0
-873,-2666,2521,19054,29519,9,65591,0.0482891757725825,68.1477872107709,NaN,NaN,NaN,0
-439,-2581,799,18992,32093,9,65635,0.0404922126905295,67.7388606637386,NaN,NaN,NaN,0
-455,-2785,718,19122,32257,9,65457,0.0294903334867005,67.1708187443549,NaN,NaN,NaN,0
794,-2751,-3727,19145,38661,9,65583,0.0144118470443195,66.4135172962905,NaN,NaN,NaN,0
-548,-2791,845,19157,32183,9,65509,0.00975333455038613,66.1778633859767,NaN,NaN,NaN,0
-426,-2722,732,19091,32115,9,65465,0.0438741901876433,67.8691521181236,NaN,NaN,NaN,0
-507,-2801,797,19220,32204,9,65622,0.0206800220624048,66.6941482079648,NaN,NaN,NaN,0
1463,-2877,-6162,19246,42232,9,65572,0.00894600107333346,66.0940324339296,NaN,NaN,NaN,0
-871,-2677,2381,19045,29817,9,65573,0.0405267541106318,67.6673430921692,NaN,NaN,NaN,0
793,-2794,-3761,19178,38764,9,65596,0.0111043576737151,66.1850947792499,NaN,NaN,NaN,0
-422,-2725,718,19140,32214,9,65636,0.021889158084906,66.7225510031758,NaN,NaN,NaN,0
-931,-2701,2120,19099,30303,9,65477,0.0206854928811516,66.6587365036146,NaN,NaN,NaN,0
-873,-2774,2331,19112,29863,9,65455,0.0402727390258049,67.6355497223201,NaN,NaN,NaN,0
-439,-2808,675,19149,32323,9,65477,0.025037117050563,66.8737681859746,NaN,NaN,NaN,0
-490,-2666,670,19059,32323,9,65469,0.0321555247704447,67.228723157672,NaN,NaN,NaN,0
1511,-2833,-6135,19202,42108,9,65598,0.00934703307434108,66.0851862196004,NaN,NaN,NaN,0
-905,-2727,2452,19116,29796,9,65668,0.0234503944840847,66.7900233899232,NaN,NaN,NaN,0
-486,-2711,611,19128,32472,9,65556,0.0129503208509561,66.2590049279122,NaN,NaN,NaN,0
-907,-2726,2398,19122,29773,9,65547,0.0315672525320043,67.1854876573024,NaN,NaN,NaN,0
-882,-2710,2401,19118,29769,9,65623,0.0295094239305587,67.0706318238148,NaN,NaN,NaN,0
-492,-2643,660,19071,32405,9,65597,0.0176479590538497,66.4638539042843,NaN,NaN,NaN,0
-938,-2800,2402,19219,29884,9,65650,0.0253958197379468,66.8507341984059,NaN,NaN,NaN,0
-501,-2685,728,19106,32279,9,65575,0.0177162979175523,66.4664914673067,NaN,NaN,NaN,0
-437,-2814,684,19205,32294,9,65570,0.0140051428757738,66.2750929726781,NaN,NaN,NaN,0
-512,-2639,769,19040,32183,9,65499,0.0329639005961779,67.2126421585262,NaN,NaN,NaN,0
-472,-2729,701,19140,32281,9,65561,0.0189000212058036,66.503597133042,NaN,NaN,NaN,0
-938,-2747,2313,19161,29969,9,65547,0.0170230667604413,66.397408989399,NaN,NaN,NaN,0
-458,-2733,682,19116,32381,9,65595,0.0154399747813533,66.3160465276133,NaN,NaN,NaN,0
-459,-2716,872,19095,32046,9,65630,0.0246820678363285,66.7707342301311,NaN,NaN,NaN,0
-946,-2725,2391,19152,29855,9,65599,0.0169824167220977,66.3852178705816,NaN,NaN,NaN,0
-935,-2726,2527,19142,29619,9,65635,0.0223313880218611,66.648421764028,NaN,NaN,NaN,0
765,-2810,-3786,19175,38785,9,65473,0.0110567458396193,66.0838822794482,NaN,NaN,NaN,0
-838,-2685,2417,19025,29601,9,65439,0.0663908306710716,68.8425206263546,NaN,NaN,NaN,0
-937,-2718,2492,19060,29674,9,65468,0.041254406173514,67.5698989708291,NaN,NaN,NaN,0
-944,-2797,2441,19168,29864,9,65600,0.0186243746845821,66.438035472624,NaN,NaN,NaN,0
-925,-2746,2513,19085,29604,9,65458,0.043196281452126,67.6625223793111,NaN,NaN,NaN,0
776,-2789,-3710,19158,38659,9,65529,0.0135920048728522,66.1701460305397,NaN,NaN,NaN,0
-507,-2695,780,19080,32206,9,65522,0.0248287799649377,66.7278728921033,NaN,NaN,NaN,0
1457,-2910,-6151,19237,42164,9,65430,0.0160389615712049,66.2862776066803,NaN,NaN,NaN,0
-950,-2664,2533,19052,29672,9,65614,0.0290410578975171,66.9321979374109,NaN,NaN,NaN,0
798,-2801,-3796,19155,38763,9,65475,0.0184192315448745,66.3919273279751,NaN,NaN,NaN,0
-927,-2699,2400,19124,29805,9,65601,0.0238544385745408,66.6616173219434,NaN,NaN,NaN,0
-891,-2716,2335,19106,29844,9,65512,0.0368131619758886,67.3048490151988,NaN,NaN,NaN,0
-494,-2761,828,19102,32115,9,65465,0.0296520370549322,66.9414200805014,NaN,NaN,NaN,0
-473,-2734,828,19103,31995,9,65443,0.0409163414896767,67.4931417452545,NaN,NaN,NaN,0
770,-2839,-3735,19199,38737,9,65527,0.00482781584609244,65.688441146899,NaN,NaN,NaN,0
-908,-2761,2388,19120,29755,9,65433,0.0408490854408567,67.4849730186021,NaN,NaN,NaN,0
-991,-2652,2505,19074,29702,9,65574,0.0253153868751003,66.7076407000905,NaN,NaN,NaN,0
-506,-2700,744,19103,32226,9,65508,0.0242925828789828,66.650054546703,NaN,NaN,NaN,0
-464,-2666,686,19057,32318,9,65544,0.029140554174043,66.884798036071,NaN,NaN,NaN,0
-487,-2722,778,19143,32175,9,65599,0.0164763607203787,66.2453718755004,NaN,NaN,NaN,0
-486,-2674,759,19053,32198,9,65502,0.0332123397980139,67.0766088566262,NaN,NaN,NaN,0
808,-2735,-3708,19093,38566,9,65482,0.033274662284699,67.0788873866315,NaN,NaN,NaN,0
729,-2870,-3657,19271,38722,9,65668,0.0272074672321556,66.7623594132958,NaN,NaN,NaN,0
791,-2823,-3950,19217,39088,9,65558,0.0118815758984611,65.9913950745315,NaN,NaN,NaN,0
840,-2755,-3828,19148,38833,9,65643,0.0161320396604366,66.2010312358557,NaN,NaN,NaN,0
-940,-2776,2604,19145,29470,9,65536,0.0323296508964275,67.0067345285812,NaN,NaN,NaN,0
-412,-2706,682,19096,32211,9,65531,0.03743133604269,67.2601731276631,NaN,NaN,NaN,0
-870,-2838,2325,19201,29913,9,65549,0.0210329186666994,66.4372810466153,NaN,NaN,NaN,0
-944,-2689,2283,19104,30035,9,65543,0.0212265270933965,66.4383980688685,NaN,NaN,NaN,0
-955,-2770,2224,19176,30151,9,65501,0.0107118945867101,65.8931467724978,NaN,NaN,NaN,0
-497,-2805,689,19215,32358,9,65562,0.0143716810125458,66.0754189164727,NaN,NaN,NaN,0
-874,-2669,2377,19025,29806,9,65524,0.046781078791159,67.6926993737888,NaN,NaN,NaN,0
1528,-2894,-6290,19257,42376,9,65578,0.00768565888168697,65.7276082853105,NaN,NaN,NaN,0
-985,-2783,2410,19198,29865,9,65545,0.0144107643010961,66.0635999806798,NaN,NaN,NaN,0
-473,-2679,858,19085,31979,9,65561,0.0345477287377386,67.0696516515496,NaN,NaN,NaN,0
1477,-2915,-6268,19261,42386,9,65496,0.00726308468587724,65.6980041315949,NaN,NaN,NaN,0
801,-2819,-3824,19183,38795,9,65477,0.0150678693502592,66.070938502584,NaN,NaN,NaN,0
-458,-2623,650,19011,32294,9,65454,0.0450636954543433,67.5700445751498,NaN,NaN,NaN,0
789,-2813,-3730,19181,38716,9,65570,0.00782572999155235,65.7015102000452,NaN,NaN,NaN,0
-964,-2735,2295,19127,30006,9,65452,0.0235581219507287,66.4760436524238,NaN,NaN,NaN,0
-899,-2732,2562,19087,29488,9,65524,0.0454297696642983,67.5693602375077,NaN,NaN,NaN,0
-458,-2660,678,19047,32315,9,65529,0.0325868446340394,66.9254095865062,NaN,NaN,NaN,0
-524,-2806,714,19200,32436,9,65604,0.0222424615484058,66.4066374634994,NaN,NaN,NaN,0
-492,-2728,781,19096,32206,9,65520,0.0242925945098959,66.5048413322818,NaN,NaN,NaN,0
-892,-2751,2290,19103,30020,9,65520,0.0278753486066995,66.6833436689588,NaN,NaN,NaN,0
-559,-2805,703,19233,32513,9,65657,0.0345535830682312,66.9995702197429,NaN,NaN,NaN,0
848,-2746,-3915,19142,38958,9,65616,0.0127808913901373,65.910893958179,NaN,NaN,NaN,0
-494,-2687,690,19131,32386,9,65666,0.0238337588427339,66.4626542818018,NaN,NaN,NaN,0
-496,-2749,900,19168,31985,9,65631,0.0183969646440086,66.1840807770114,NaN,NaN,NaN,0
-904,-2746,2330,19165,29926,9,65616,0.0183679217784435,66.1758707556094,NaN,NaN,NaN,0
-463,-2788,880,19171,31966,9,65566,0.0241477349782013,66.459764738424,NaN,NaN,NaN,0
-515,-2753,776,19166,32205,9,65553,0.0122841312929067,65.8629043672788,NaN,NaN,NaN,0
-1017,-2756,2595,19158,29539,9,65499,0.0223092197582248,66.3586557574456,NaN,NaN,NaN,0
-470,-2775,691,19119,32337,9,65467,0.0244181088796484,66.458347804505,NaN,NaN,NaN,0
-920,-2761,2402,19114,29856,9,65526,0.0267806023624897,66.5731033801335,NaN,NaN,NaN,0
-514,-2770,863,19141,31989,9,65429,0.0315373483535449,66.8106838335812,NaN,NaN,NaN,0
1461,-2882,-6064,19251,42073,9,65605,0.0113375171872781,65.8004163389,NaN,NaN,NaN,0
-924,-2716,2448,19108,29684,9,65516,0.0361342902937994,67.0383922834137,NaN,NaN,NaN,0
-445,-2680,802,19094,32062,9,65604,0.0316290575118285,66.8063667982812,NaN,NaN,NaN,0
-978,-2703,2441,19133,29813,9,65599,0.01742378226165,66.0684304257395,NaN,NaN,NaN,0
-479,-2708,982,19093,31758,9,65534,0.0408327468815058,67.2367311470287,NaN,NaN,NaN,0
789,-2787,-3869,19163,38904,9,65496,0.0110561558496213,65.7450239359414,NaN,NaN,NaN,0
792,-2755,-3827,19133,38809,9,65495,0.0183695309571443,66.1014891424347,NaN,NaN,NaN,0
-901,-2696,2460,19081,29767,9,65655,0.0261210839589034,66.4856429671353,NaN,NaN,NaN,0
767,-2918,-3790,19301,38861,9,65581,0.0205282234461932,66.2057254822566,NaN,NaN,NaN,0
-554,-2713,773,19142,32300,9,65596,0.0178502868078743,66.0671921341539,NaN,NaN,NaN,0
-458,-2668,785,19104,32135,9,65661,0.021976565998579,66.2671688273742,NaN,NaN,NaN,0
-859,-2744,2278,19110,30010,9,65580,0.0277050739330856,66.5341576313246,NaN,NaN,NaN,0
-466,-2601,900,18976,31814,9,65432,0.0645338934391246,68.372142903876,NaN,NaN,NaN,0
-482,-2702,813,19091,32175,9,65615,0.0195848732172075,66.1246297391616,NaN,NaN,NaN,0
-934,-2814,2434,19175,29847,9,65569,0.0146299629842606,65.8658520226238,NaN,NaN,NaN,0
-473,-2754,966,19155,31840,9,65628,0.0236242155476557,66.3108415621633,NaN,NaN,NaN,0
-826,-2749,2284,19099,29891,9,65507,0.0441729949472785,67.3372893687627,NaN,NaN,NaN,0
802,-2774,-3593,19171,38436,9,65648,0.016509369293736,65.9516219911311,NaN,NaN,NaN,0
-902,-2726,2323,19145,29918,9,65598,0.0216188425657859,66.2069875918956,NaN,NaN,NaN,0
-455,-2666,720,19089,32224,9,65600,0.026515249505593,66.4517951015829,NaN,NaN,NaN,0
763,-2817,-3756,19205,38753,9,65543,0.00535832659848697,65.3928780473418,NaN,NaN,NaN,0
-963,-2679,2299,19087,30024,9,65512,0.0231290123894858,66.2780894095025,NaN,NaN,NaN,0
-895,-2664,2392,19046,29861,9,65619,0.0316140544060501,66.6994771981037,NaN,NaN,NaN,0
-419,-2751,842,19128,31970,9,65570,0.0353620052743713,66.881536109075,NaN,NaN,NaN,0
-423,-2669,944,19078,31804,9,65664,0.0389707765331966,67.0596610558985,NaN,NaN,NaN,0
-484,-2722,652,19120,32356,9,65488,0.0232679086249643,66.273110459835,NaN,NaN,NaN,0
-499,-2627,765,19042,32187,9,65549,0.0307345491309099,66.6459452093371,NaN,NaN,NaN,0
-489,-2741,695,19113,32357,9,65513,0.0189252474314159,66.0493120458283,NaN,NaN,NaN,0
-948,-2792,2375,19134,29946,9,65484,0.0204214042337321,66.1213886104671,NaN,NaN,NaN,0
745,-2815,-3731,19199,38719,9,65515,0.00466128487147379,65.3265841529939,NaN,NaN,NaN,0
1513,-2809,-6195,19175,42186,9,65554,0.0145369710612683,65.8063855816362,NaN,NaN,NaN,0
-552,-2726,829,19112,32183,9,65509,0.0159122124403565,65.8712785458118,NaN,NaN,NaN,0
-435,-2760,700,19110,32288,9,65518,0.0280311917601512,66.4735002195572,NaN,NaN,NaN,0
-937,-2623,2305,19026,29997,9,65539,0.0323895880857962,66.6904980529529,NaN,NaN,NaN,0
791,-2779,-3830,19172,38845,9,65553,0.00776791079801417,65.4496424009452,NaN,NaN,NaN,0
1547,-2810,-6275,19150,42257,9,65481,0.0260431956080314,66.3591043230738,NaN,NaN,NaN,0
-1014,-2716,2600,19105,29496,9,65446,0.0347916181656164,66.7960941809821,NaN,NaN,NaN,0
-451,-2826,832,19181,32018,9,65490,0.0287265294652168,66.483181202762,NaN,NaN,NaN,0
-446,-2735,802,19078,32085,9,65483,0.039517042548547,67.0169882362668,NaN,NaN,NaN,0
-511,-2780,824,19171,32243,9,65651,0.0237280144250497,66.2272584973293,NaN,NaN,NaN,0
788,-2796,-3949,19189,39066,9,65530,0.00618647954766254,65.3444734060539,NaN,NaN,NaN,0
809,-2819,-3725,19164,38585,9,65443,0.0272838553504181,66.3962074182594,NaN,NaN,NaN,0
-490,-2729,923,19102,31851,9,65463,0.041206544909784,67.0910608702604,NaN,NaN,NaN,0
-929,-2786,2386,19201,29877,9,65621,0.0207892264630444,66.0534868504849,NaN,NaN,NaN,0
-482,-2745,879,19162,32000,9,65628,0.0175932717668528,65.8932538550568,NaN,NaN,NaN,0
-515,-2676,658,19079,32407,9,65499,0.02084987248408,66.0521097454641,NaN,NaN,NaN,0
-485,-2709,702,19100,32250,9,65466,0.0305396142786566,66.5150541527561,NaN,NaN,NaN,0
1419,-2977,-6109,19334,42218,9,65552,0.023165762097341,66.1448439318818,NaN,NaN,NaN,0
1493,-2869,-6173,19226,42211,9,65565,0.00580631265600177,65.2752948918959,NaN,NaN,NaN,0
1503,-2865,-6279,19245,42394,9,65602,0.0110142384600751,65.5333709861201,NaN,NaN,NaN,0
-528,-2788,877,19175,32010,9,65482,0.0204814129003336,65.9996201818886,NaN,NaN,NaN,0
836,-2707,-3759,19055,38588,9,65438,0.0452382926663994,67.2242962660616,NaN,NaN,NaN,0
-489,-2815,685,19220,32347,9,65549,0.0125411695657529,65.5816273671535,NaN,NaN,NaN,0
-510,-2735,773,19120,32149,9,65445,0.0290152020655766,66.3878427516707,NaN,NaN,NaN,0
-880,-2739,2473,19112,29677,9,65609,0.0323370981154444,66.5257504097145,NaN,NaN,NaN,0
-497,-2737,926,19152,31924,9,65612,0.0200660430624961,65.899724513002,NaN,NaN,NaN,0
816,-2838,-3779,19193,38772,9,65556,0.0085470560473078,65.3228634407178,NaN,NaN,NaN,0
-963,-2812,2470,19140,29760,9,65430,0.0275594564982856,66.2727813615848,NaN,NaN,NaN,0
-506,-2778,880,19147,32118,9,65604,0.0164588847552284,65.7171128380733,NaN,NaN,NaN,0
-489,-2762,649,19128,32438,9,65490,0.0164065910634551,65.7135832501282,NaN,NaN,NaN,0
-518,-2721,710,19137,32403,9,65619,0.019782306028062,65.8813917682502,NaN,NaN,NaN,0
-975,-2663,2491,19079,29683,9,65547,0.0301239136434694,66.3950280834839,NaN,NaN,NaN,0
-482,-2675,784,19105,32154,9,65618,0.0212396067305128,65.9499484455291,NaN,NaN,NaN,0
-917,-2682,2202,19106,30248,9,65666,0.0256976875064731,66.1685271780908,NaN,NaN,NaN,0
-469,-2775,658,19129,32411,9,65497,0.0187847970603732,65.8218311608529,NaN,NaN,NaN,0
-863,-2687,2334,19029,29846,9,65472,0.0509408067525834,67.4247857224073,NaN,NaN,NaN,0
763,-2806,-3828,19227,38946,9,65658,0.0220147711135583,65.9782519649973,NaN,NaN,NaN,0
-452,-2818,851,19188,32072,9,65610,0.0158748156826368,65.6704822245622,NaN,NaN,NaN,0
-968,-2660,2556,19063,29523,9,65505,0.0414755137721232,66.9502289251029,NaN,NaN,NaN,0
822,-2798,-4012,19167,39095,9,65453,0.0135292280991442,65.5474356284376,NaN,NaN,NaN,0
1432,-2812,-5983,19170,41884,9,65498,0.0167512848630517,65.7003847574584,NaN,NaN,NaN,0
-886,-2677,2565,19019,29425,9,65467,0.0623833101619244,67.9790163429937,NaN,NaN,NaN,0
781,-2804,-3705,19155,38577,9,65431,0.025753998096175,66.1461515503193,NaN,NaN,NaN,0
1466,-2902,-6021,19256,41958,9,65556,0.00474151207288691,65.0892075303264,NaN,NaN,NaN,0
1500,-2843,-6276,19205,42342,9,65514,0.00858474256302663,65.2700650245039,NaN,NaN,NaN,0
-457,-2740,593,19124,32530,9,65570,0.0124569833513366,65.4580261055239,NaN,NaN,NaN,0
1445,-2748,-5858,19137,41682,9,65634,0.0179607507312397,65.7303700026869,NaN,NaN,NaN,0
803,-2709,-3749,19097,38655,9,65539,0.0256824803389512,66.1147017657666,NaN,NaN,NaN,0
-534,-2716,777,19083,32207,9,65427,0.0282292138866824,66.2360740383049,NaN,NaN,NaN,0
-468,-2673,939,19022,31864,9,65504,0.0480786548578356,67.2269752651034,NaN,NaN,NaN,0
-471,-2748,775,19167,32167,9,65613,0.0162667842165624,65.6329589790489,NaN,NaN,NaN,0
-909,-2653,2390,19086,29794,9,65622,0.0301131838404113,66.3199219740321,NaN,NaN,NaN,0
-502,-2661,813,19094,32130,9,65618,0.0203331532253005,65.8308267732094,NaN,NaN,NaN,0
1394,-2887,-5927,19250,41909,9,65569,0.010338327025928,65.3283374115209,NaN,NaN,NaN,0
1499,-2890,-6227,19225,42261,9,65475,0.0121079609872432,65.4040750199397,NaN,NaN,NaN,0
843,-2804,-3871,19211,38907,9,65665,0.0197824432020913,65.7860156307769,NaN,NaN,NaN,0
-948,-2780,2485,19125,29736,9,65500,0.0268057339596954,66.1342318381864,NaN,NaN,NaN,0
-921,-2781,2466,19166,29803,9,65663,0.0246734833607764,66.0212141374684,NaN,NaN,NaN,0
806,-2776,-3741,19116,38632,9,65442,0.0307733714841879,66.325640726686,NaN,NaN,NaN,0
-910,-2684,2360,19056,29916,9,65560,0.0313930868062307,66.3414023813675,NaN,NaN,NaN,0
-499,-2765,853,19190,32083,9,65641,0.0207576300054859,65.8094739219198,NaN,NaN,NaN,0
1487,-2879,-6117,19221,42080,9,65504,0.0114900371539415,65.3407080129042,NaN,NaN,NaN,0
-887,-2763,2290,19145,30081,9,65651,0.023222655108154,65.920017821782,NaN,NaN,NaN,0
-484,-2635,765,19078,32206,9,65654,0.0200187305188887,65.7585591665017,NaN,NaN,NaN,0
-966,-2662,2413,19052,29773,9,65447,0.0399568263793764,66.7545079833513,NaN,NaN,NaN,0
760,-2790,-3760,19162,38751,9,65495,0.0112152802931521,65.3019506238312,NaN,NaN,NaN,0
-457,-2682,807,19070,32160,9,65636,0.0244114532561803,65.956680050217,NaN,NaN,NaN,0
-860,-2668,2481,19008,29537,9,65459,0.0649493070709347,67.9803139009547,NaN,NaN,NaN,0
-556,-2807,629,19220,32558,9,65530,0.0214037482749974,65.8020436893442,NaN,NaN,NaN,0
1421,-2782,-5857,19130,41658,9,65482,0.0278107364754243,66.1155128216715,NaN,NaN,NaN,0
1525,-2778,-6265,19172,42329,9,65637,0.0140025487292376,65.4103226440339,NaN,NaN,NaN,0
1473,-2896,-6142,19226,42109,9,65431,0.0171155276246911,65.5654439180041,NaN,NaN,NaN,0
-530,-2730,605,19165,32596,9,65616,0.0228977114667433,65.851957861602,NaN,NaN,NaN,0
-447,-2653,713,19063,32311,9,65663,0.0209555596931505,65.7532791757029,NaN,NaN,NaN,0
756,-2805,-3686,19179,38605,9,65493,0.0135311756431816,65.3815377815994,NaN,NaN,NaN,0
1410,-2923,-6117,19303,42242,9,65588,0.0239941302024899,65.8966096755613,NaN,NaN,NaN,0
1511,-2878,-6266,19232,42316,9,65514,0.00801913883390427,65.0939274297294,NaN,NaN,NaN,0
-422,-2753,634,19118,32436,9,65590,0.0184039972002832,65.6020419454402,NaN,NaN,NaN,0
1397,-2821,-5784,19166,41596,9,65512,0.0184683667580607,65.5970983123216,NaN,NaN,NaN,0
835,-2754,-3764,19109,38611,9,65463,0.0359203858061399,66.4647843737773,NaN,NaN,NaN,0
-943,-2735,2305,19171,30025,9,65621,0.0212711795785054,65.7302554930439,NaN,NaN,NaN,0
1367,-2825,-5763,19197,41631,9,65583,0.00817027323759254,65.0703478883904,NaN,NaN,NaN,0
793,-2739,-3753,19155,38734,9,65646,0.0169637541344263,65.508894070337,NaN,NaN,NaN,0
1431,-2924,-6123,19251,42158,9,65428,0.016256085888369,65.4733890344799,NaN,NaN,NaN,0
802,-2810,-3772,19173,38771,9,65557,0.00920129560168879,65.117383556724,NaN,NaN,NaN,0
-480,-2779,699,19172,32272,9,65496,0.0192281709546046,65.6180056863248,NaN,NaN,NaN,0
-447,-2735,741,19086,32236,9,65526,0.0299092781549844,66.1518931654478,NaN,NaN,NaN,0
-485,-2600,770,19008,32136,9,65522,0.0408307537656226,66.6967342314596,NaN,NaN,NaN,0
-891,-2648,2339,19025,29916,9,65566,0.0379015733178499,66.5431708889145,NaN,NaN,NaN,0
-832,-2663,2357,19017,29763,9,65521,0.0559998073651772,67.442298012072,NaN,NaN,NaN,0
-513,-2739,764,19122,32287,9,65555,0.0128822122201728,65.2783996774211,NaN,NaN,NaN,0
-926,-2783,2399,19130,29872,9,65512,0.0243576212530352,65.8519194593038,NaN,NaN,NaN,0
-877,-2557,2363,18973,29861,9,65665,0.0411061652709459,66.6746289636777,NaN,NaN,NaN,0
-503,-2698,711,19103,32277,9,65503,0.0237891720873111,65.7964634274435,NaN,NaN,NaN,0
-459,-2628,880,19018,31872,9,65494,0.053701022653757,67.2903505020435,NaN,NaN,NaN,0
-914,-2768,2471,19125,29628,9,65456,0.040912368761304,66.6484183274842,NaN,NaN,NaN,0
-978,-2760,2347,19207,30036,9,65668,0.0302243308133792,66.11275999221,NaN,NaN,NaN,0
-910,-2782,2463,19156,29772,9,65626,0.019290595288354,65.5646948544496,NaN,NaN,NaN,0
-883,-2714,2386,19047,29768,9,65440,0.0505953657300525,67.1289691019359,NaN,NaN,NaN,0
870,-2835,-3851,19168,38731,9,65435,0.0318469469683921,66.191137278724,NaN,NaN,NaN,0
-452,-2722,694,19143,32276,9,65602,0.0185617462842071,65.5192750701038,NaN,NaN,NaN,0
-955,-2701,2259,19083,30116,9,65488,0.0224614599455997,65.7081454302364,NaN,NaN,NaN,0
1422,-2775,-5802,19125,41552,9,65492,0.0310944845333827,66.1394157638723,NaN,NaN,NaN,0
-410,-2690,809,19050,32036,9,65554,0.04437750349101,66.7986427143924,NaN,NaN,NaN,0
-993,-2724,2538,19165,29670,9,65642,0.0230909586627565,65.7327830273888,NaN,NaN,NaN,0
779,-2789,-3920,19170,38995,9,65475,0.00996453521964404,65.0737223579447,NaN,NaN,NaN,0
1475,-2930,-6103,19271,42081,9,65507,0.00659867852467037,64.904533529549,NaN,NaN,NaN,0
1451,-2849,-6113,19212,42142,9,65544,0.00362798210460749,64.7554803659934,NaN,NaN,NaN,0
-539,-2699,852,19096,32147,9,65567,0.0160951710582405,65.3737569531465,NaN,NaN,NaN,0
-901,-2677,2465,19087,29644,9,65592,0.0373642328087948,66.4313800638936,NaN,NaN,NaN,0
-945,-2806,2392,19149,29920,9,65500,0.0184289636047024,65.4807061379741,NaN,NaN,NaN,0
-522,-2754,819,19150,32243,9,65629,0.02075980944463,65.5949032528826,NaN,NaN,NaN,0
-960,-2759,2242,19139,30201,9,65525,0.0127083421212142,65.1915901846551,NaN,NaN,NaN,0
782,-2786,-3805,19183,38815,9,65563,0.00715117264987746,64.9135275776576,NaN,NaN,NaN,0
1479,-2833,-6181,19231,42265,9,65657,0.0178606082828981,65.4468255805391,NaN,NaN,NaN,0
-906,-2722,2460,19085,29613,9,65447,0.0487798109937471,66.9897279433483,NaN,NaN,NaN,0
-536,-2691,872,19087,32009,9,65473,0.0312681658111335,66.1104455998153,NaN,NaN,NaN,0
-547,-2694,838,19095,32099,9,65483,0.0250605470744379,65.7872460154276,NaN,NaN,NaN,0
1374,-2799,-5829,19185,41726,9,65588,0.00873142621645894,64.9704050891778,NaN,NaN,NaN,0
-473,-2724,707,19156,32298,9,65630,0.0187617736366871,65.4690308605018,NaN,NaN,NaN,0
-932,-2690,2353,19054,29923,9,65493,0.0339489582637814,66.2249436501207,NaN,NaN,NaN,0
-990,-2703,2413,19105,29938,9,65588,0.0172993278699672,65.3850607060069,NaN,NaN,NaN,0
751,-2863,-3889,19225,38996,9,65444,0.0139707790529578,65.2181184700109,NaN,NaN,NaN,0
-488,-2829,852,19212,32041,9,65535,0.0159485305260162,65.3162321025103,NaN,NaN,NaN,0
-881,-2731,2429,19063,29677,9,65437,0.0521313566005456,67.1228054200422,NaN,NaN,NaN,0
-918,-2709,2295,19103,30088,9,65630,0.0205432582920948,65.5417920535012,NaN,NaN,NaN,0
1476,-2939,-6237,19328,42411,9,65667,0.0293206711419549,65.9805984142727,NaN,NaN,NaN,0
-434,-2763,848,19167,32013,9,65649,0.0210650105092361,65.5642174156334,NaN,NaN,NaN,0
-488,-2725,732,19109,32318,9,65574,0.0156319645984435,65.2886879674887,NaN,NaN,NaN,0
-877,-2688,2426,19065,29776,9,65628,0.0336811001085135,66.1868944404169,NaN,NaN,NaN,0
860,-2747,-3703,19114,38502,9,65550,0.0350406021680527,66.2438656071646,NaN,NaN,NaN,0
-965,-2720,2369,19118,29865,9,65469,0.0277062454084703,65.8753922884981,NaN,NaN,NaN,0
-506,-2683,617,19131,32549,9,65667,0.0255719933070962,65.7616854791991,NaN,NaN,NaN,0
-893,-2682,2412,19052,29659,9,65437,0.0548435191685629,67.2209746693107,NaN,NaN,NaN,0
-916,-2620,2189,19060,30241,9,65667,0.0241336429360985,65.6834439963656,NaN,NaN,NaN,0
-927,-2667,2330,19073,29888,9,65506,0.0353369031545669,66.2406284773275,NaN,NaN,NaN,0
759,-2766,-3790,19166,38828,9,65566,0.00786400062008234,64.8650659613804,NaN,NaN,NaN,0
817,-2725,-3641,19073,38448,9,65496,0.0387527989484371,66.3977949394495,NaN,NaN,NaN,0
-429,-2601,750,18961,32091,9,65453,0.0602503915258672,67.4672439021655,NaN,NaN,NaN,0
-924,-2672,2071,19110,30451,9,65621,0.0220028325229353,65.5495239707961,NaN,NaN,NaN,0
1528,-2783,-6235,19167,42277,9,65631,0.0130375240255699,65.0982257154381,NaN,NaN,NaN,0
-916,-2668,2332,19061,29843,9,65461,0.0434895519014228,66.6177700069712,NaN,NaN,NaN,0
-882,-2785,2263,19113,30014,9,65432,0.0354603299737844,66.2161067151116,NaN,NaN,NaN,0
-465,-2689,583,19109,32562,9,65638,0.0202044025913667,65.4481084223103,NaN,NaN,NaN,0
-479,-2790,686,19143,32392,9,65512,0.014567785654869,65.1652990310246,NaN,NaN,NaN,0
1422,-2832,-5911,19215,41820,9,65608,0.0111307611061955,64.9919566565833,NaN,NaN,NaN,0
1529,-2758,-6153,19126,42096,9,65584,0.0229698031725474,65.580890960525,NaN,NaN,NaN,0
-473,-2668,738,19101,32224,9,65620,0.0209474899014586,65.4784888526108,NaN,NaN,NaN,0
-1042,-2752,2400,19144,29999,9,65499,0.0134316139931508,65.0997837539565,NaN,NaN,NaN,0
-468,-2659,776,19066,32103,9,65533,0.0365148150854704,66.2431868714284,NaN,NaN,NaN,0
-475,-2716,659,19114,32441,9,65605,0.016167974464214,65.223529430004,NaN,NaN,NaN,0
725,-2781,-3584,19138,38461,9,65457,0.0203759326229268,65.4250993040405,NaN,NaN,NaN,0
744,-2853,-3704,19246,38773,9,65639,0.021569373417836,65.4816385453485,NaN,NaN,NaN,0
1476,-2807,-6240,19190,42318,9,65556,0.00464170793569231,64.6325418623246,NaN,NaN,NaN,0
-437,-2723,628,19101,32449,9,65587,0.0188523556359626,65.3405282120578,NaN,NaN,NaN,0
1477,-2754,-5980,19119,41819,9,65543,0.0281429025771222,65.804752145991,NaN,NaN,NaN,0
1485,-2836,-6288,19198,42374,9,65492,0.00980584325925584,64.8843439617986,NaN,NaN,NaN,0
-926,-2709,2278,19082,30075,9,65525,0.0242108719717813,65.6004092676139,NaN,NaN,NaN,0
1517,-2787,-6177,19123,42096,9,65448,0.0325684063992293,66.0172115418949,NaN,NaN,NaN,0
774,-2837,-3729,19206,38663,9,65491,0.0111860942263357,64.9478751438302,NaN,NaN,NaN,0
-432,-2686,737,19097,32150,9,65582,0.0325132784262819,66.0141946447675,NaN,NaN,NaN,0
-926,-2712,2257,19120,30029,9,65507,0.0254461622061004,65.6582473493475,NaN,NaN,NaN,0
-504,-2723,820,19128,32082,9,65524,0.0247718985858676,65.6206711953679,NaN,NaN,NaN,0
782,-2763,-3714,19165,38711,9,65651,0.0179565622452115,65.2716506638604,NaN,NaN,NaN,0
890,-2805,-3948,19142,38919,9,65477,0.0282942171376857,65.7884508312558,NaN,NaN,NaN,0
-964,-2652,2405,19076,29934,9,65664,0.0242848124722649,65.5873093540944,NaN,NaN,NaN,0
776,-2734,-3639,19141,38527,9,65615,0.014042323932719,65.0735824728135,NaN,NaN,NaN,0
-979,-2660,2305,19064,30056,9,65516,0.021611609075126,65.4389103131279,NaN,NaN,NaN,0
787,-2695,-3740,19094,38670,9,65562,0.0215210689101572,65.4309899679483,NaN,NaN,NaN,0
1479,-2880,-6057,19265,42053,9,65667,0.0190203371242691,65.3018316913974,NaN,NaN,NaN,0
-943,-2739,2226,19100,30163,9,65451,0.023007499741385,65.498139637428,NaN,NaN,NaN,0
1466,-2807,-6144,19164,42124,9,65482,0.0167813569816567,65.1853974840786,NaN,NaN,NaN,0
786,-2779,-3878,19167,38948,9,65540,0.00522035828262936,64.6007394961363,NaN,NaN,NaN,0
-903,-2800,2414,19169,29851,9,65611,0.0181612125867004,65.2400953607393,NaN,NaN,NaN,0
1530,-2815,-6257,19151,42221,9,65439,0.0282204190316468,65.7369510071411,NaN,NaN,NaN,0
791,-2826,-3900,19219,38981,9,65549,0.0085370822729708,64.7476774433409,NaN,NaN,NaN,0
1415,-2757,-5807,19116,41571,9,65505,0.0298047976377096,65.808665419856,NaN,NaN,NaN,0
792,-2743,-3868,19124,38873,9,65483,0.0188106952024636,65.2573491222477,NaN,NaN,NaN,0
-497,-2682,704,19090,32281,9,65511,0.0255957938403228,65.5946998150283,NaN,NaN,NaN,0
-504,-2772,858,19130,32135,9,65559,0.0160012904027603,65.1125578822834,NaN,NaN,NaN,0
-436,-2833,690,19204,32370,9,65620,0.0189416999215591,65.2595229383761,NaN,NaN,NaN,0
-475,-2726,719,19122,32213,9,65493,0.0283786420914068,65.7282219356067,NaN,NaN,NaN,0
-920,-2620,2374,19059,29845,9,65631,0.0294927149261188,65.7832679665117,NaN,NaN,NaN,0
-896,-2711,2549,19073,29536,9,65566,0.042392423842529,66.4268817126328,NaN,NaN,NaN,0
1420,-2805,-5816,19199,41668,9,65664,0.0176881017530847,65.186328430359,NaN,NaN,NaN,0
-466,-2780,786,19161,32095,9,65497,0.0274435413835299,65.6710883752949,NaN,NaN,NaN,0
-506,-2642,1042,19027,31776,9,65618,0.0354899596871976,66.0728529520212,NaN,NaN,NaN,0
1470,-2850,-6271,19202,42345,9,65447,0.0138098393647415,64.987250368506,NaN,NaN,NaN,0
834,-2848,-3830,19185,38805,9,65487,0.0168511809628713,65.134482775393,NaN,NaN,NaN,0
-951,-2685,2423,19088,29900,9,65650,0.0224663185352006,65.4032014528348,NaN,NaN,NaN,0
-999,-2752,2419,19174,29868,9,65552,0.0149507051847506,65.026155214692,NaN,NaN,NaN,0
-948,-2659,2395,19065,29797,9,65503,0.0361253092561811,66.0832731741123,NaN,NaN,NaN,0
-884,-2713,2352,19077,29916,9,65580,0.0304897373842971,65.8010074041089,NaN,NaN,NaN,0
792,-2774,-3842,19158,38839,9,65507,0.0136833828893098,64.9585050165282,NaN,NaN,NaN,0
-928,-2755,2315,19143,30094,9,65644,0.0240064607586355,65.4721640772238,NaN,NaN,NaN,0
-466,-2838,789,19207,32229,9,65613,0.0184271591547815,65.1923854702642,NaN,NaN,NaN,0
-533,-2728,729,19136,32293,9,65501,0.014967649943134,65.011872665463,NaN,NaN,NaN,0
-508,-2744,694,19159,32334,9,65536,0.0119623023327964,64.8545066108889,NaN,NaN,NaN,0
-523,-2732,545,19128,32610,9,65446,0.0135317674023524,64.9210326957266,NaN,NaN,NaN,0
1500,-2945,-6200,19276,42207,9,65469,0.0108888927084783,64.7842346456806,NaN,NaN,NaN,0
-549,-2807,716,19211,32466,9,65608,0.0264646267707075,65.5620602677977,NaN,NaN,NaN,0
1512,-2858,-6230,19211,42292,9,65562,0.00517801971016455,64.4830218682371,NaN,NaN,NaN,0
-918,-2705,2324,19079,30005,9,65565,0.0241870223898341,65.431895138316,NaN,NaN,NaN,0
-504,-2668,732,19042,32236,9,65440,0.0362173275161408,66.028690273922,NaN,NaN,NaN,0
-867,-2774,2263,19164,29982,9,65554,0.0251795364050127,65.4674537555871,NaN,NaN,NaN,0
-508,-2713,746,19105,32308,9,65568,0.0144006129076164,64.9242929401576,NaN,NaN,NaN,0
-913,-2813,2329,19185,29897,9,65473,0.0247443554344756,65.4396692513899,NaN,NaN,NaN,0
-484,-2797,712,19157,32379,9,65555,0.0119285794562954,64.7986666283241,NaN,NaN,NaN,0
825,-2663,-3711,19051,38542,9,65546,0.0375963981552327,66.0677337528261,NaN,NaN,NaN,0
-923,-2679,2560,19024,29528,9,65492,0.0502921064676839,66.6978784288796,NaN,NaN,NaN,0
798,-2829,-3955,19193,39018,9,65432,0.0156501121433138,64.9539728024284,NaN,NaN,NaN,0
1361,-2786,-5834,19168,41719,9,65537,0.00876462379226676,64.6065049175382,NaN,NaN,NaN,0
-496,-2805,667,19198,32347,9,65475,0.0132683128910612,64.8258135483658,NaN,NaN,NaN,0
-942,-2738,2435,19122,29703,9,65457,0.0362461204251382,65.9746701774987,NaN,NaN,NaN,0
-935,-2661,2273,19085,30039,9,65563,0.0234721887511192,65.3273967938026,NaN,NaN,NaN,0
1503,-2897,-6173,19241,42152,9,65500,0.010578216994205,64.6815290255148,NaN,NaN,NaN,0
-956,-2719,2074,19139,30464,9,65540,0.0163949110938881,64.9722115687913,NaN,NaN,NaN,0
-874,-2721,2415,19089,29780,9,65598,0.0334926391192263,65.8244472368594,NaN,NaN,NaN,0
1419,-2846,-5931,19216,41833,9,65549,0.00664105045428465,64.4816533064796,NaN,NaN,NaN,0
795,-2727,-3801,19141,38825,9,65641,0.0164026447831254,64.969702057945,NaN,NaN,NaN,0
-1013,-2669,2422,19069,29894,9,65512,0.0208395340501193,65.1880046421266,NaN,NaN,NaN,0
808,-2812,-3776,19221,38777,9,65659,0.0193418603685068,65.1091072765706,NaN,NaN,NaN,0
-419,-2758,771,19124,32161,9,65597,0.0262922851204783,65.456129603671,NaN,NaN,NaN,0
-878,-2795,2357,19168,29925,9,65629,0.0197931950946762,65.1285982287389,NaN,NaN,NaN,0
781,-2831,-3920,19250,39088,9,65648,0.0243858617053805,65.3527686687875,NaN,NaN,NaN,0
-872,-2757,2258,19100,30040,9,65498,0.0323269806632836,65.7460472269354,NaN,NaN,NaN,0
782,-2722,-3753,19120,38724,9,65578,0.0142535364457971,64.8338108785088,NaN,NaN,NaN,0
-942,-2731,2431,19173,29805,9,65667,0.0252543343066774,65.3783690273685,NaN,NaN,NaN,0
-512,-2712,850,19069,32080,9,65470,0.0324819911837344,65.7393405103205,NaN,NaN,NaN,0
-511,-2704,944,19140,31917,9,65655,0.0207914957761235,65.1480022233876,NaN,NaN,NaN,0
-959,-2706,2294,19077,30053,9,65465,0.0260250941217059,65.4072555541719,NaN,NaN,NaN,0
-913,-2714,2408,19091,29894,9,65638,0.0200777446905728,65.1090607890943,NaN,NaN,NaN,0
-482,-2666,850,19077,31993,9,65551,0.0349678134135793,65.8519652715783,NaN,NaN,NaN,0
-914,-2724,2467,19124,29662,9,65568,0.0319498936724984,65.699446204064,NaN,NaN,NaN,0
-412,-2686,688,19102,32221,9,65605,0.0309391297744368,65.6471905005287,NaN,NaN,NaN,0
753,-2817,-3766,19199,38818,9,65556,0.00893268600506092,64.5443231433219,NaN,NaN,NaN,0
-527,-2801,702,19214,32358,9,65534,0.0134316981115563,64.7663823283649,NaN,NaN,NaN,0
-538,-2684,801,19117,32274,9,65666,0.0246587866000896,65.3271095215651,NaN,NaN,NaN,0
-915,-2704,2360,19102,29806,9,65492,0.0372177817901829,65.954924214337,NaN,NaN,NaN,0
-933,-2631,2343,19067,29920,9,65612,0.025737774241523,65.3793392227737,NaN,NaN,NaN,0
1476,-2816,-6233,19178,42271,9,65481,0.0130824984905373,64.7408149605089,NaN,NaN,NaN,0
-451,-2715,693,19096,32202,9,65448,0.0390511652521366,66.0382680109915,NaN,NaN,NaN,0
