CASE_NAME,FS_IN_HZ,NODE,OUTPUT_FACTOR,SAMPLE_COUNT,MAX_ERROR_LSB,RMS_ERROR_LSB,SQNR_DB,DC_ERROR_LSB,ACC_OVERFLOW_COUNT,WHOLE_RUN_SATURATION_COUNT,ANALYZED_OUTPUT_RAIL_COUNT,EXPECTED_BOUNDARY_CASE
impulse_positive_fullscale,0,4x,4,1245,13.6250955313444,2.06725541204982,107.155189896066,-0.0867475762424699,0,1,0,1
impulse_positive_fullscale,0,8x,8,2499,17.9931255588308,2.52732380445286,105.39394470154,-0.0550229856861186,0,1,0,1
impulse_positive_fullscale,0,128x,128,40064,22.3954480395769,3.1250890957571,103.53647177576,-0.0665961468029778,0,1,0,1
impulse_negative_fullscale,0,4x,4,1245,7.984375,2.03100173220195,107.308867806997,0.0771084337349398,0,0,0,1
impulse_negative_fullscale,0,8x,8,2499,15.0039277076721,2.50165179054716,105.482626309123,0.0518207282913165,0,0,0,1
impulse_negative_fullscale,0,128x,128,40064,22.3610497638583,3.10091481765137,103.60392415554,0.0498202875399361,0,0,0,1
tone_997Hz_m1dBFS_Fs44100,44100,4x,4,4096,16.9426110954955,6.18359362681771,118.614179694074,-0.128642455472345,0,0,0,0
tone_997Hz_m1dBFS_Fs44100,44100,8x,8,8192,23.0437340512872,7.4314419940191,117.016101594376,-0.143346215194043,0,0,0,0
tone_997Hz_m1dBFS_Fs44100,44100,128x,128,131072,28.0748453540727,8.24897841196588,116.105824387953,-0.0858060371577327,0,0,0,0
tone_10000Hz_m1dBFS_Fs44100,44100,4x,4,4096,16.2371223410591,6.21094706087673,118.602570206517,-0.064012949768312,0,0,0,0
tone_10000Hz_m1dBFS_Fs44100,44100,8x,8,8192,21.649864025414,7.33848806414839,117.154224284494,-0.0746887585200175,0,0,0,0
tone_10000Hz_m1dBFS_Fs44100,44100,128x,128,131072,29.316979742609,8.23861983397472,116.143325522503,-0.0461383881596895,0,0,0,0
tone_19000Hz_m1dBFS_Fs44100,44100,4x,4,4096,15.6086612306535,6.27700663050264,118.509434154192,0.0159223896703224,0,0,0,0
tone_19000Hz_m1dBFS_Fs44100,44100,8x,8,8192,21.9673769650981,7.5519854858374,116.904926223482,0.0254422472628083,0,0,0,0
tone_19000Hz_m1dBFS_Fs44100,44100,128x,128,131072,27.7885563927703,8.29732261881605,116.083007956596,-0.00716908769007762,0,0,0,0
tone_997Hz_m60dBFS_Fs44100,44100,4x,4,4096,16.4718456966802,5.61353724885984,60.4542724424475,-0.0304761524535024,0,0,0,0
tone_997Hz_m60dBFS_Fs44100,44100,8x,8,8192,19.8665098113819,7.16884542560966,58.3285851921757,-0.031143350513082,0,0,0,0
tone_997Hz_m60dBFS_Fs44100,44100,128x,128,131072,26.5962871623312,7.48671043917036,57.9480130592495,-0.0196168209747438,0,0,0,0
tone_997Hz_m90dBFS_Fs44100,44100,4x,4,4096,16.1355947861448,6.98899861971562,28.5502891918742,0.0123949128733329,0,0,0,0
tone_997Hz_m90dBFS_Fs44100,44100,8x,8,8192,20.099597790033,7.99068677025561,27.3854530599294,0.0197727575976278,0,0,0,0
tone_997Hz_m90dBFS_Fs44100,44100,128x,128,131072,22.1437216160812,8.0509918943581,27.3164081756226,0.0217261646944138,0,0,0,0
tone_997Hz_m1dBFS_Fs48000,48000,4x,4,4096,17.1465743863955,6.2724543288439,118.536295953796,-0.221475217749685,0,0,0,0
tone_997Hz_m1dBFS_Fs48000,48000,8x,8,8192,24.7230359856039,7.43816271310624,117.051027396011,-0.264991579706258,0,0,0,0
tone_997Hz_m1dBFS_Fs48000,48000,128x,128,131072,29.7637446401641,8.27206226876262,116.123520299749,-0.163389478103435,0,0,0,0
tone_10000Hz_m1dBFS_Fs48000,48000,4x,4,4096,10.776855613105,6.12591921769412,118.71926147431,-0.000801894036612794,0,0,0,0
tone_10000Hz_m1dBFS_Fs48000,48000,8x,8,8192,17.4378782156855,7.60500655755611,116.844118050441,-0.00465738255852326,0,0,0,0
tone_10000Hz_m1dBFS_Fs48000,48000,128x,128,131072,23.2507046489045,8.81203449822835,115.560327256483,-0.000353368694694267,0,0,0,0
tone_19000Hz_m1dBFS_Fs48000,48000,4x,4,4096,15.6243930244818,6.64371618994725,118.018839749535,0.0367598838029153,0,0,0,0
tone_19000Hz_m1dBFS_Fs48000,48000,8x,8,8192,21.6288098976947,7.69520185744224,116.74031270634,0.0235756894777737,0,0,0,0
tone_19000Hz_m1dBFS_Fs48000,48000,128x,128,131072,26.4569631544873,9.42512658432959,114.974111837961,0.0438348357343192,0,0,0,0
tone_997Hz_m60dBFS_Fs48000,48000,4x,4,4096,17.0428278101608,5.5165877839226,60.6516309503749,-0.0957347959451909,0,0,0,0
tone_997Hz_m60dBFS_Fs48000,48000,8x,8,8192,19.7354165487095,7.34476133673587,58.1607823862244,-0.0948932103533212,0,0,0,0
tone_997Hz_m60dBFS_Fs48000,48000,128x,128,131072,25.211801639151,7.60096558615475,57.858416062735,-0.0795090896805224,0,0,0,0
tone_997Hz_m90dBFS_Fs48000,48000,4x,4,4096,16.2258588541299,6.95557292009878,28.6380985638063,-0.0168024281829275,0,0,0,0
tone_997Hz_m90dBFS_Fs48000,48000,8x,8,8192,20.3462135200917,7.92694787141423,27.4979430978115,-0.0341533363715389,0,0,0,0
tone_997Hz_m90dBFS_Fs48000,48000,128x,128,131072,22.3061554685991,7.97569297241231,27.4401522350352,-0.0336628070229352,0,0,0,0
random_seed01,0,4x,4,4317,18.2024659737945,6.28672570242833,99.4786320969701,-0.0231641778687457,0,0,0,0
random_seed01,0,8x,8,8643,25.6374416166218,7.52472943428227,97.9125715006523,-0.0774030578467577,0,0,0,0
random_seed01,0,128x,128,138368,31.5176261060406,8.26384127087515,97.0914556827132,0.0201021676769335,0,0,0,0
random_seed02,0,4x,4,4317,17.8020399156958,6.28030215311303,99.4128143015098,0.295910935780779,0,0,0,0
random_seed02,0,8x,8,8643,24.2650236234476,7.53650321295458,97.8242842871516,0.323119271253449,0,0,0,0
random_seed02,0,128x,128,138368,29.9742748156568,8.23225602877239,97.0500187481559,0.302961484460773,0,0,0,0
random_seed03,0,4x,4,4317,17.0602758415043,6.11951325071295,99.8711722185667,-0.236185158240676,0,0,0,0
random_seed03,0,8x,8,8643,23.5446396426996,7.52392217625324,98.0718311675798,-0.164585536295492,0,0,0,0
random_seed03,0,128x,128,138368,29.8238548206864,8.11425755294051,97.4084976167818,-0.214289297743745,0,0,0,0
random_seed04,0,4x,4,4317,17.6754177678376,6.21326538259753,99.4517291408461,-0.0217752286563296,0,0,0,0
random_seed04,0,8x,8,8643,24.1742641506717,7.52105304280871,97.7877867386414,-0.0357939588807525,0,0,0,0
random_seed04,0,128x,128,138368,29.0113088022335,8.18570304720754,97.0449665940263,-0.0153820357607436,0,0,0,0
random_seed05,0,4x,4,4317,16.8988132243976,6.32881752663059,99.3482148755266,0.10274299372394,0,0,0,0
random_seed05,0,8x,8,8643,24.5852780920686,7.58113839202499,97.7752089640604,0.10930880149424,0,0,0,0
random_seed05,0,128x,128,138368,30.0961215558928,8.35357172929788,96.9251817481562,0.152103758543954,0,0,0,0
random_seed06,0,4x,4,4317,16.7629568548873,6.10689878167474,99.4775448163062,0.00934294558576558,0,0,0,0
random_seed06,0,8x,8,8643,23.8298422404041,7.39248461693646,97.8133491635112,-0.00788606515146566,0,0,0,0
random_seed06,0,128x,128,138368,28.9853171962313,8.12671330086052,96.9836073748394,-0.0257634477083045,0,0,0,0
random_seed07,0,4x,4,4317,17.9717689976096,6.20482833052143,99.6824253907582,0.253674211782633,0,0,0,0
random_seed07,0,8x,8,8643,23.5492478193046,7.45675135928376,98.0812848506401,0.253065920635273,0,0,0,0
random_seed07,0,128x,128,138368,31.7080496851413,8.19110808851112,97.2581466942818,0.242926130089263,0,0,0,0
random_seed08,0,4x,4,4317,17.7750311950222,6.06501336023253,99.5440243585527,-0.0610702193001506,0,0,0,0
random_seed08,0,8x,8,8643,22.5988809763949,7.35373786905172,97.8657490671719,-0.0900517726096125,0,0,0,0
random_seed08,0,128x,128,138368,32.3848840855062,8.10846964858798,97.0098492166957,-0.0792001302929773,0,0,0,0
random_seed09,0,4x,4,4317,17.5624025501311,6.30582535324449,99.4557260085762,-0.0529869986210042,0,0,0,0
random_seed09,0,8x,8,8643,23.0011311618437,7.55356316005059,97.8827485355806,-0.00611770293124447,0,0,0,0
random_seed09,0,128x,128,138368,29.0741635435843,8.31791051357279,97.0382266790865,-0.134700814932843,0,0,0,0
random_seed10,0,4x,4,4317,17.2101251464337,6.22819263788761,99.4285740155426,-0.00623539793621149,0,0,0,0
random_seed10,0,8x,8,8643,25.0241903271526,7.44402498402732,97.8749113118173,-0.0135624758699448,0,0,0,0
random_seed10,0,128x,128,138368,30.0324475383677,8.20437722046048,97.0228563961532,-0.0157382751992274,0,0,0,0
alternating_fullscale,0,4x,4,1245,3976815.81020998,224988.190199566,27.6916173219721,-4.16393072289082,0,615,10,1
alternating_fullscale,0,8x,8,2499,4138142.10757373,230977.275946146,27.4444518163771,-3.53433872633345,0,615,20,1
alternating_fullscale,0,128x,128,40064,4219039.04459031,231394.182373347,27.4169556312616,-4.71508395496441,0,615,454,1
