variant,physical_lut,primitive_cells,direct_modules,endpoint_modules,classification
LUT218,SLICE_X10Y54/ALUT,interp128_all2x_LUT6_16,,FIR2/3级,FIR2/3级
LUT218,SLICE_X10Y54/BLUT,gen_primitive.u_stage23_history_ramb18e1_i_31;gen_primitive.u_stage23_history_ramb18e1_i_32,2→4倍桥接量化,FIR2/3级,2→4倍桥接量化
LUT218,SLICE_X10Y54/CLUT,stage2_pending_i_1;stage3_pending_i_1,FIR2/3级,FIR2/3级,FIR2/3级
LUT218,SLICE_X10Y54/DLUT,interp128_all2x_LUT6_10,,FIR2/3级,FIR2/3级
LUT218,SLICE_X10Y55/ALUT,interp128_all2x_LUT3_25,,FIR2/3级,FIR2/3级
LUT218,SLICE_X10Y55/BLUT,interp128_all2x_LUT3_22;interp128_all2x_LUT4_24,,FIR2/3级;FIR共享系数存储,滤波器核心跨级/共享逻辑
LUT218,SLICE_X10Y55/CLUT,interp128_all2x_LUT6_15,,FIR2/3级,FIR2/3级
LUT218,SLICE_X10Y55/DLUT,interp128_all2x_LUT6_9,,FIR2/3级,FIR2/3级
LUT218,SLICE_X10Y56/ALUT,interp128_all2x_LUT5_25,,FIR2/3级,FIR2/3级
LUT218,SLICE_X11Y54/ALUT,gen_primitive.u_stage23_history_ramb18e1_i_33;gen_primitive.u_stage23_history_ramb18e1_i_34,2→4倍桥接量化,FIR2/3级,2→4倍桥接量化
LUT218,SLICE_X11Y54/BLUT,interp128_all2x_LUT6_11,,FIR2/3级,FIR2/3级
LUT218,SLICE_X11Y55/ALUT,interp128_all2x_LUT6_3,,FIR2/3级,FIR2/3级
LUT218,SLICE_X11Y55/BLUT,interp128_all2x_LUT6_4,,FIR2/3级,FIR2/3级
LUT218,SLICE_X11Y55/CLUT,interp128_all2x_LUT3_20,,FIR2/3级,FIR2/3级
LUT218,SLICE_X11Y55/DLUT,interp128_all2x_LUT2_6,,FIR2/3级,FIR2/3级
LUT218,SLICE_X11Y56/ALUT,interp128_all2x_LUT3_28,,2→4倍桥接量化;FIR2/3级,滤波器核心跨级/共享逻辑
LUT218,SLICE_X11Y56/BLUT,interp128_all2x_LUT3_27,,2→4倍桥接量化;FIR1级;FIR2/3级,滤波器核心跨级/共享逻辑
LUT218,SLICE_X11Y56/CLUT,interp128_all2x_LUT2_10,,2→4倍桥接量化;FIR2/3级,滤波器核心跨级/共享逻辑
LUT218,SLICE_X11Y57/ALUT,job_result_pending_i_1;u_stage23_dsp48e1_i_14,2→4倍桥接量化;FIR2/3级,FIR2/3级,滤波器核心跨级/共享逻辑
LUT218,SLICE_X11Y57/BLUT,interp128_all2x_LUT1_31;interp128_all2x_LUT2_45,,FIR2/3级,FIR2/3级
LUT218,SLICE_X11Y57/CLUT,interp128_all2x_LUT6_5,,FIR2/3级,FIR2/3级
LUT218,SLICE_X11Y57/DLUT,interp128_all2x_LUT3_24,,FIR2/3级,FIR2/3级
LUT218,SLICE_X11Y58/ALUT,job_output_pending_i_1;job_saturation_pending_i_1,FIR2/3级,FIR2/3级,FIR2/3级
LUT218,SLICE_X12Y55/ALUT,interp128_all2x_LUT5_14,,2→4倍桥接量化;FIR1级;FIR2/3级,滤波器核心跨级/共享逻辑
LUT218,SLICE_X12Y55/BLUT,interp128_all2x_LUT5_16,,2→4倍桥接量化;FIR1级;FIR2/3级,滤波器核心跨级/共享逻辑
LUT218,SLICE_X12Y55/CLUT,interp128_all2x_LUT5_19,,2→4倍桥接量化;FIR1级;FIR2/3级,滤波器核心跨级/共享逻辑
LUT218,SLICE_X12Y55/DLUT,interp128_all2x_LUT5_21,,2→4倍桥接量化;FIR1级;FIR2/3级,滤波器核心跨级/共享逻辑
LUT218,SLICE_X12Y56/ALUT,gen_primitive.u_stage23_history_ramb18e1_i_36;gen_primitive.u_stage23_history_ramb18e1_i_37,2→4倍桥接量化,2→4倍桥接量化;FIR1级;FIR2/3级,2→4倍桥接量化
LUT218,SLICE_X12Y56/BLUT,interp128_all2x_LUT5_13,,2→4倍桥接量化;FIR1级;FIR2/3级,滤波器核心跨级/共享逻辑
LUT218,SLICE_X12Y56/CLUT,interp128_all2x_LUT5_18,,2→4倍桥接量化;FIR1级;FIR2/3级,滤波器核心跨级/共享逻辑
LUT218,SLICE_X12Y56/DLUT,interp128_all2x_LUT5_7,,2→4倍桥接量化;FIR1级;FIR2/3级,滤波器核心跨级/共享逻辑
LUT218,SLICE_X12Y57/ALUT,interp128_all2x_LUT2_53;interp128_all2x_LUT2_55,,FIR2/3级,FIR2/3级
LUT218,SLICE_X12Y57/BLUT,interp128_all2x_LUT5_10,,2→4倍桥接量化;FIR1级;FIR2/3级,滤波器核心跨级/共享逻辑
LUT218,SLICE_X12Y57/CLUT,interp128_all2x_LUT5_12,,2→4倍桥接量化;FIR1级;FIR2/3级,滤波器核心跨级/共享逻辑
LUT218,SLICE_X12Y57/DLUT,interp128_all2x_LUT5_8,,2→4倍桥接量化;FIR1级;FIR2/3级,滤波器核心跨级/共享逻辑
LUT218,SLICE_X12Y58/ALUT,stage3_y_out_valid_i_1;u_stage23_dsp48e1_i_16,2→4倍桥接量化,FIR2/3级,2→4倍桥接量化
LUT218,SLICE_X12Y58/BLUT,interp128_all2x_LUT2_7;interp128_all2x_LUT3_29,,FIR2/3级,FIR2/3级
LUT218,SLICE_X12Y58/CLUT,interp128_all2x_LUT2_48;interp128_all2x_LUT2_49,,FIR2/3级,FIR2/3级
LUT218,SLICE_X12Y58/DLUT,interp128_all2x_LUT2_54,,FIR2/3级,FIR2/3级
LUT218,SLICE_X12Y59/ALUT,interp128_all2x_LUT3;interp128_all2x_LUT3_1,,FIR2/3级,FIR2/3级
LUT218,SLICE_X12Y59/BLUT,interp128_all2x_LUT3_14;interp128_all2x_LUT3_16,,FIR2/3级,FIR2/3级
LUT218,SLICE_X12Y60/ALUT,interp128_all2x_LUT3_13;interp128_all2x_LUT3_15,,FIR2/3级,FIR2/3级
LUT218,SLICE_X12Y60/BLUT,interp128_all2x_LUT3_17,,FIR2/3级,FIR2/3级
LUT218,SLICE_X12Y62/ALUT,interp128_all2x_LUT2_12,,16倍CIC插值;FIR2/3级,16倍CIC插值
LUT218,SLICE_X12Y63/ALUT,interp128_all2x_LUT1_81,,16倍CIC插值;2→4倍桥接量化;FIR1级;FIR2/3级,滤波器核心跨级/共享逻辑
LUT218,SLICE_X13Y55/ALUT,interp128_all2x_LUT5_15,,2→4倍桥接量化;FIR1级;FIR2/3级,滤波器核心跨级/共享逻辑
LUT218,SLICE_X13Y55/BLUT,interp128_all2x_LUT5_22,,2→4倍桥接量化;FIR1级;FIR2/3级,滤波器核心跨级/共享逻辑
LUT218,SLICE_X13Y55/CLUT,interp128_all2x_LUT5_4,,2→4倍桥接量化;FIR1级;FIR2/3级,滤波器核心跨级/共享逻辑
LUT218,SLICE_X13Y55/DLUT,interp128_all2x_LUT5_5,,2→4倍桥接量化;FIR1级;FIR2/3级,滤波器核心跨级/共享逻辑
LUT218,SLICE_X13Y56/ALUT,interp128_all2x_LUT5_17,,2→4倍桥接量化;FIR1级;FIR2/3级,滤波器核心跨级/共享逻辑
LUT218,SLICE_X13Y56/BLUT,interp128_all2x_LUT5_20,,2→4倍桥接量化;FIR1级;FIR2/3级,滤波器核心跨级/共享逻辑
LUT218,SLICE_X13Y56/CLUT,interp128_all2x_LUT5_3,,2→4倍桥接量化;FIR1级;FIR2/3级,滤波器核心跨级/共享逻辑
LUT218,SLICE_X13Y56/DLUT,interp128_all2x_LUT5_9,,2→4倍桥接量化;FIR1级;FIR2/3级,滤波器核心跨级/共享逻辑
LUT218,SLICE_X13Y57/ALUT,interp128_all2x_LUT5_11,,2→4倍桥接量化;FIR1级;FIR2/3级,滤波器核心跨级/共享逻辑
LUT218,SLICE_X13Y57/BLUT,interp128_all2x_LUT5_6,,2→4倍桥接量化;FIR1级;FIR2/3级,滤波器核心跨级/共享逻辑
LUT218,SLICE_X13Y61/ALUT,interp128_all2x_LUT3_4;interp128_all2x_LUT3_5,,FIR2/3级,FIR2/3级
LUT218,SLICE_X13Y61/BLUT,interp128_all2x_LUT3_6;interp128_all2x_LUT3_7,,FIR2/3级,FIR2/3级
LUT218,SLICE_X13Y61/CLUT,interp128_all2x_LUT3_10;interp128_all2x_LUT3_12,,FIR2/3级,FIR2/3级
LUT218,SLICE_X13Y61/DLUT,interp128_all2x_LUT3_11;interp128_all2x_LUT3_18,,FIR2/3级,FIR2/3级
LUT218,SLICE_X13Y62/ALUT,interp128_all2x_LUT3_2;interp128_all2x_LUT3_3,,FIR2/3级,FIR2/3级
LUT218,SLICE_X13Y62/BLUT,interp128_all2x_LUT3_8;interp128_all2x_LUT3_9,,FIR2/3级,FIR2/3级
LUT218,SLICE_X29Y63/ALUT,comb_active_i_1;comb_stage_index_i_1,16倍CIC插值,16倍CIC插值;FIR2/3级,16倍CIC插值
LUT218,SLICE_X30Y60/ALUT,interp128_all2x_LUT4_15,,16倍CIC插值,16倍CIC插值
LUT218,SLICE_X30Y63/ALUT,interp128_all2x_LUT5,,16倍CIC插值,16倍CIC插值
LUT218,SLICE_X31Y58/ALUT,interp128_all2x_LUT4_5,,16倍CIC插值,16倍CIC插值
LUT218,SLICE_X31Y58/BLUT,interp128_all2x_LUT4_6,,16倍CIC插值,16倍CIC插值
LUT218,SLICE_X31Y58/CLUT,interp128_all2x_LUT4_8,,16倍CIC插值,16倍CIC插值
LUT218,SLICE_X31Y59/ALUT,interp128_all2x_LUT4_11,,16倍CIC插值,16倍CIC插值
LUT218,SLICE_X31Y59/BLUT,interp128_all2x_LUT4_12,,16倍CIC插值,16倍CIC插值
LUT218,SLICE_X31Y59/CLUT,interp128_all2x_LUT4_9,,16倍CIC插值,16倍CIC插值
LUT218,SLICE_X31Y60/ALUT,interp128_all2x_LUT4_14,,16倍CIC插值,16倍CIC插值
LUT218,SLICE_X31Y60/BLUT,interp128_all2x_LUT4_16,,16倍CIC插值,16倍CIC插值
LUT218,SLICE_X31Y61/ALUT,interp128_all2x_LUT4_18,,16倍CIC插值,16倍CIC插值
LUT218,SLICE_X31Y61/BLUT,interp128_all2x_LUT4_19,,16倍CIC插值,16倍CIC插值
LUT218,SLICE_X31Y61/CLUT,interp128_all2x_LUT4_20,,16倍CIC插值,16倍CIC插值
LUT218,SLICE_X31Y61/DLUT,interp128_all2x_LUT3_19,,16倍CIC插值,16倍CIC插值
LUT218,SLICE_X31Y62/ALUT,interp128_all2x_LUT2;interp128_all2x_LUT2_1,,16倍CIC插值,16倍CIC插值
LUT218,SLICE_X31Y63/ALUT,burst_remaining[0]_i_1;burst_remaining[1]_i_1,,16倍CIC插值,16倍CIC插值
LUT218,SLICE_X31Y63/BLUT,burst_remaining[2]_i_1;burst_remaining[3]_i_2,,16倍CIC插值,16倍CIC插值
LUT218,SLICE_X31Y63/CLUT,interp128_all2x_LUT6,,16倍CIC插值,16倍CIC插值
LUT218,SLICE_X31Y63/DLUT,interp128_all2x_LUT6_1,,16倍CIC插值,16倍CIC插值
LUT218,SLICE_X32Y63/ALUT,interp128_all2x_LUT2_43,,16倍CIC插值,16倍CIC插值
LUT218,SLICE_X32Y63/BLUT,interp128_all2x_LUT2_44,,16倍CIC插值,16倍CIC插值
LUT218,SLICE_X33Y62/DLUT,interp128_all2x_LUT1_27,,16倍CIC插值,16倍CIC插值
LUT218,SLICE_X33Y63/ALUT,interp128_all2x_LUT2_2,,16倍CIC插值,16倍CIC插值
LUT218,SLICE_X33Y63/BLUT,interp128_all2x_LUT2_3,,16倍CIC插值,16倍CIC插值
LUT218,SLICE_X34Y58/ALUT,interp128_all2x_LUT4_1,,16倍CIC插值,16倍CIC插值
LUT218,SLICE_X34Y58/BLUT,interp128_all2x_LUT4_2,,16倍CIC插值,16倍CIC插值
LUT218,SLICE_X34Y58/CLUT,interp128_all2x_LUT4_3,,16倍CIC插值,16倍CIC插值
LUT218,SLICE_X34Y58/DLUT,interp128_all2x_LUT4_4,,16倍CIC插值,16倍CIC插值
LUT218,SLICE_X34Y60/ALUT,interp128_all2x_LUT4_10,,16倍CIC插值,16倍CIC插值
LUT218,SLICE_X34Y60/BLUT,interp128_all2x_LUT4_13,,16倍CIC插值,16倍CIC插值
LUT218,SLICE_X34Y60/CLUT,interp128_all2x_LUT4_7,,16倍CIC插值,16倍CIC插值
LUT218,SLICE_X34Y61/ALUT,interp128_all2x_LUT4_17,,16倍CIC插值,16倍CIC插值
LUT218,SLICE_X34Y62/ALUT,interp128_all2x_LUT4_21,,16倍CIC插值,16倍CIC插值
LUT218,SLICE_X34Y62/BLUT,interp128_all2x_LUT4_22,,16倍CIC插值,16倍CIC插值
LUT218,SLICE_X46Y52/ALUT,interp128_all2x_LUT6_18,,FIR1级,FIR1级
LUT218,SLICE_X46Y52/BLUT,issue_index[1]_i_1;issue_index[2]_i_1,2→4倍桥接量化,FIR1级,2→4倍桥接量化
LUT218,SLICE_X46Y52/CLUT,issue_index[3]_i_1;issue_index[4]_i_1,2→4倍桥接量化,FIR1级,2→4倍桥接量化
LUT218,SLICE_X47Y52/ALUT,interp128_all2x_LUT4_25,,FIR1级,FIR1级
LUT218,SLICE_X48Y51/ALUT,interp128_all2x_LUT1_72,,FIR1级,FIR1级
LUT218,SLICE_X49Y52/ALUT,interp128_all2x_LUT5_24,,FIR1级,FIR1级
LUT218,SLICE_X49Y52/BLUT,interp128_all2x_LUT6_2,,FIR1级,FIR1级
LUT218,SLICE_X49Y52/CLUT,interp128_all2x_LUT2_14;interp128_all2x_LUT4,,FIR1级,FIR1级
LUT218,SLICE_X49Y52/DLUT,interp128_all2x_LUT5_23,,FIR1级,FIR1级
LUT218,SLICE_X50Y53/ALUT,interp128_all2x_LUT6_8,,FIR1级;FIR2/3级,滤波器核心跨级/共享逻辑
LUT218,SLICE_X51Y52/ALUT,interp128_all2x_LUT1_73,,FIR1级,FIR1级
LUT218,SLICE_X51Y52/BLUT,y_out[10]_i_1;y_out[9]_i_1,2→4倍桥接量化,FIR1级,2→4倍桥接量化
LUT218,SLICE_X51Y52/CLUT,y_out[5]_i_1;y_out[6]_i_1,2→4倍桥接量化,FIR1级,2→4倍桥接量化
LUT218,SLICE_X51Y52/DLUT,y_out[7]_i_1;y_out[8]_i_1,2→4倍桥接量化,FIR1级,2→4倍桥接量化
LUT218,SLICE_X51Y53/ALUT,gen_primitive.u_stage1_history_ramb18e1_i_26;y_out[23]_i_1,2→4倍桥接量化,FIR1级,2→4倍桥接量化
LUT218,SLICE_X51Y53/BLUT,y_out[3]_i_1;y_out[4]_i_1,2→4倍桥接量化,FIR1级,2→4倍桥接量化
LUT218,SLICE_X52Y53/ALUT,interp128_all2x_LUT3_30,,FIR1级,FIR1级
LUT218,SLICE_X53Y52/ALUT,interp128_all2x_LUT2_46,,FIR1级,FIR1级
LUT218,SLICE_X54Y52/ALUT,interp128_all2x_LUT1_38;interp128_all2x_LUT2_51,,FIR1级,FIR1级
LUT218,SLICE_X54Y52/BLUT,interp128_all2x_LUT2_13;interp128_all2x_LUT2_50,,FIR1级,FIR1级
LUT218,SLICE_X54Y52/CLUT,interp128_all2x_LUT2_16;interp128_all2x_LUT2_52,,FIR1级,FIR1级
LUT218,SLICE_X54Y52/DLUT,interp128_all2x_LUT6_13,,FIR1级,FIR1级
LUT218,SLICE_X54Y53/ALUT,y_out[11]_i_1;y_out[12]_i_1,2→4倍桥接量化,FIR1级,2→4倍桥接量化
LUT218,SLICE_X54Y53/BLUT,y_out[15]_i_1;y_out[16]_i_1,2→4倍桥接量化,FIR1级,2→4倍桥接量化
LUT218,SLICE_X54Y53/CLUT,y_out[19]_i_1__0;y_out[20]_i_1,2→4倍桥接量化,FIR1级,2→4倍桥接量化
LUT218,SLICE_X54Y53/DLUT,y_out[1]_i_1;y_out[2]_i_1,2→4倍桥接量化,FIR1级,2→4倍桥接量化
LUT218,SLICE_X54Y54/ALUT,y_out[13]_i_1;y_out[14]_i_1,2→4倍桥接量化,FIR1级,2→4倍桥接量化
LUT218,SLICE_X54Y54/BLUT,y_out[17]_i_1;y_out[18]_i_1,2→4倍桥接量化,FIR1级,2→4倍桥接量化
LUT218,SLICE_X54Y54/CLUT,y_out[21]_i_1;y_out[22]_i_1,2→4倍桥接量化,FIR1级,2→4倍桥接量化
LUT218,SLICE_X54Y55/ALUT,interp128_all2x_LUT5_26,,16倍CIC插值,16倍CIC插值
LUT218,SLICE_X54Y56/ALUT,interp128_all2x_LUT6_17,,16倍CIC插值,16倍CIC插值
LUT218,SLICE_X55Y52/ALUT,wr_ptr[0]_i_1;wr_ptr[1]_i_1,2→4倍桥接量化,FIR1级,2→4倍桥接量化
LUT218,SLICE_X55Y52/BLUT,wr_ptr[2]_i_1;wr_ptr[3]_i_1,2→4倍桥接量化,FIR1级,2→4倍桥接量化
LUT218,SLICE_X55Y52/CLUT,wr_ptr[4]_i_1;wr_ptr[5]_i_2,2→4倍桥接量化,FIR1级,2→4倍桥接量化
LUT218,SLICE_X55Y57/ALUT,y_out[0]_i_1__0;y_out[19]_i_3,2→4倍桥接量化,16倍CIC插值,2→4倍桥接量化
LUT218,SLICE_X55Y57/BLUT,y_out[1]_i_1__0;y_out[2]_i_1__0,2→4倍桥接量化,16倍CIC插值,2→4倍桥接量化
LUT218,SLICE_X55Y57/CLUT,y_out[3]_i_1__0;y_out[4]_i_1__0,2→4倍桥接量化,16倍CIC插值,2→4倍桥接量化
LUT218,SLICE_X55Y57/DLUT,y_out[5]_i_1__0;y_out[6]_i_1__0,2→4倍桥接量化,16倍CIC插值,2→4倍桥接量化
LUT218,SLICE_X55Y58/ALUT,y_out[10]_i_1__0;y_out[9]_i_1__0,2→4倍桥接量化,16倍CIC插值,2→4倍桥接量化
LUT218,SLICE_X55Y58/BLUT,y_out[7]_i_1__0;y_out[8]_i_1__0,2→4倍桥接量化,16倍CIC插值,2→4倍桥接量化
LUT218,SLICE_X55Y59/ALUT,y_out[11]_i_1__0;y_out[12]_i_1__0,2→4倍桥接量化,16倍CIC插值,2→4倍桥接量化
LUT218,SLICE_X55Y59/BLUT,y_out[13]_i_1__0;y_out[14]_i_1__0,2→4倍桥接量化,16倍CIC插值,2→4倍桥接量化
LUT218,SLICE_X55Y60/ALUT,y_out[15]_i_1__0;y_out[16]_i_1__0,2→4倍桥接量化,16倍CIC插值,2→4倍桥接量化
LUT218,SLICE_X55Y60/BLUT,y_out[17]_i_1__0;y_out[18]_i_1__0,2→4倍桥接量化,16倍CIC插值,2→4倍桥接量化
LUT218,SLICE_X56Y52/ALUT,interp128_all2x_LUT5_29,,FIR1级,FIR1级
LUT218,SLICE_X56Y52/BLUT,interp128_all2x_LUT6_14,,FIR1级,FIR1级
LUT218,SLICE_X56Y52/CLUT,scan_exhausted_i_2;wr_ptr[5]_i_3,2→4倍桥接量化,FIR1级,2→4倍桥接量化
LUT218,SLICE_X56Y52/DLUT,interp128_all2x_LUT2_42,,FIR1级,FIR1级
LUT218,SLICE_X57Y50/ALUT,interp128_all2x_LUT2_30;interp128_all2x_LUT2_39,,FIR1级,FIR1级
LUT218,SLICE_X57Y50/BLUT,interp128_all2x_LUT2_36;interp128_all2x_LUT2_38,,FIR1级,FIR1级
LUT218,SLICE_X57Y51/ALUT,interp128_all2x_LUT2_19;interp128_all2x_LUT2_26,,FIR1级,FIR1级
LUT218,SLICE_X57Y51/BLUT,interp128_all2x_LUT2_20;interp128_all2x_LUT2_34,,FIR1级,FIR1级
LUT218,SLICE_X57Y51/CLUT,interp128_all2x_LUT2_28;interp128_all2x_LUT2_33,,FIR1级,FIR1级
LUT218,SLICE_X57Y52/ALUT,interp128_all2x_LUT5_27,,FIR1级,FIR1级
LUT218,SLICE_X57Y52/BLUT,interp128_all2x_LUT6_19,,FIR1级,FIR1级
LUT218,SLICE_X57Y52/CLUT,read_addr[0]_i_1;read_addr[1]_i_1,2→4倍桥接量化,FIR1级,2→4倍桥接量化
LUT218,SLICE_X57Y52/DLUT,interp128_all2x_LUT2_15;interp128_all2x_LUT2_41,,FIR1级,FIR1级
LUT218,SLICE_X58Y50/ALUT,interp128_all2x_LUT2_21;interp128_all2x_LUT2_23,,FIR1级,FIR1级
LUT218,SLICE_X58Y50/BLUT,interp128_all2x_LUT2_22;interp128_all2x_LUT2_37,,FIR1级,FIR1级
LUT218,SLICE_X58Y50/CLUT,interp128_all2x_LUT2_24;interp128_all2x_LUT2_29,,FIR1级,FIR1级
LUT218,SLICE_X58Y50/DLUT,interp128_all2x_LUT2_31;interp128_all2x_LUT2_40,,FIR1级,FIR1级
LUT218,SLICE_X58Y51/ALUT,interp128_all2x_LUT4_27,,FIR1级,FIR1级
LUT218,SLICE_X58Y51/BLUT,interp128_all2x_LUT5_28,,FIR1级,FIR1级
LUT218,SLICE_X58Y51/CLUT,interp128_all2x_LUT2_18;interp128_all2x_LUT2_32,,FIR1级,FIR1级
LUT218,SLICE_X58Y51/DLUT,interp128_all2x_LUT2_27;interp128_all2x_LUT2_35,,FIR1级,FIR1级
LUT218,SLICE_X58Y52/ALUT,interp128_all2x_LUT6_21,,FIR1级,FIR1级
LUT218,SLICE_X58Y52/BLUT,interp128_all2x_LUT2_17;interp128_all2x_LUT2_25,,FIR1级,FIR1级
LUT218,SLICE_X58Y52/CLUT,interp128_all2x_LUT6_20,,FIR1级,FIR1级
LUT218,SLICE_X58Y52/DLUT,interp128_all2x_LUT4_26,,FIR1级,FIR1级
LUT218,SLICE_X8Y53/ALUT,interp128_all2x_LUT2_5,,FIR2/3级;FIR共享系数存储,滤波器核心跨级/共享逻辑
LUT218,SLICE_X8Y54/ALUT,interp128_all2x_LUT1_76,,FIR2/3级,FIR2/3级
LUT218,SLICE_X8Y54/BLUT,interp128_all2x_LUT2_4;interp128_all2x_LUT4_23,,FIR2/3级;FIR共享系数存储,滤波器核心跨级/共享逻辑
LUT218,SLICE_X8Y54/CLUT,interp128_all2x_LUT3_21;interp128_all2x_LUT5_1,,FIR2/3级;FIR共享系数存储,滤波器核心跨级/共享逻辑
LUT218,SLICE_X8Y54/DLUT,interp128_all2x_LUT3_23;interp128_all2x_LUT5_2,,FIR2/3级,FIR2/3级
LUT218,SLICE_X8Y55/ALUT,job_history_head[2]_i_1;stage2_head[2]_i_1,2→4倍桥接量化,FIR2/3级,2→4倍桥接量化
LUT218,SLICE_X8Y55/BLUT,stage2_head[3]_i_2;stage2_history_full_i_1,2→4倍桥接量化;FIR2/3级,FIR2/3级,滤波器核心跨级/共享逻辑
LUT218,SLICE_X8Y55/CLUT,interp128_all2x_LUT6_6,,FIR2/3级,FIR2/3级
LUT218,SLICE_X8Y55/DLUT,interp128_all2x_LUT5_30,,FIR2/3级;FIR共享系数存储,滤波器核心跨级/共享逻辑
LUT218,SLICE_X8Y56/ALUT,stage3_head[0]_i_1;stage3_head[1]_i_1,2→4倍桥接量化,FIR2/3级,2→4倍桥接量化
LUT218,SLICE_X8Y56/BLUT,stage3_head[2]_i_1;stage3_head[3]_i_2,2→4倍桥接量化,FIR2/3级,2→4倍桥接量化
LUT218,SLICE_X8Y56/CLUT,interp128_all2x_LUT1_35;interp128_all2x_LUT2_11,,FIR2/3级,FIR2/3级
LUT218,SLICE_X8Y56/DLUT,interp128_all2x_LUT6_7,,FIR2/3级,FIR2/3级
LUT218,SLICE_X8Y57/ALUT,interp128_all2x_LUT1_34,,FIR2/3级,FIR2/3级
LUT218,SLICE_X9Y54/ALUT,gen_primitive.u_stage23_history_ramb18e1_i_35;job_history_head[0]_i_1,2→4倍桥接量化,FIR2/3级,2→4倍桥接量化
LUT218,SLICE_X9Y54/BLUT,job_history_head[1]_i_1;stage2_head[1]_i_1,2→4倍桥接量化,FIR2/3级,2→4倍桥接量化
LUT218,SLICE_X9Y54/CLUT,interp128_all2x_LUT6_12,,FIR2/3级,FIR2/3级
LUT218,SLICE_X9Y55/ALUT,job_history_head[3]_i_1;job_phase_i_2,2→4倍桥接量化,FIR2/3级,2→4倍桥接量化
LUT218,SLICE_X9Y55/BLUT,job_mac_index[0]_i_1;job_mac_index[1]_i_1,2→4倍桥接量化,FIR2/3级,2→4倍桥接量化
LUT218,SLICE_X9Y55/CLUT,job_mac_index[2]_i_1;job_mac_index[3]_i_3,2→4倍桥接量化,FIR2/3级,2→4倍桥接量化
LUT218,SLICE_X9Y55/DLUT,interp128_all2x_LUT3_26,,FIR2/3级,FIR2/3级
LUT218,SLICE_X9Y56/ALUT,interp128_all2x_LUT2_47,,FIR2/3级,FIR2/3级
LUT218,SLICE_X9Y56/BLUT,interp128_all2x_LUT6_22,,FIR2/3级,FIR2/3级
LUT218,SLICE_X9Y56/CLUT,interp128_all2x_LUT2_8,,2→4倍桥接量化;FIR2/3级,滤波器核心跨级/共享逻辑
LUT218,SLICE_X9Y56/DLUT,interp128_all2x_LUT2_9,,2→4倍桥接量化;FIR2/3级,滤波器核心跨级/共享逻辑
LUT239,SLICE_X12Y55/ALUT,interp128_all2x_LUT2_28,,FIR2/3级;FIR共享系数存储,滤波器核心跨级/共享逻辑
LUT239,SLICE_X12Y56/ALUT,interp128_all2x_LUT1_78;interp128_all2x_LUT2_35,,FIR1级,FIR1级
LUT239,SLICE_X12Y56/BLUT,interp128_all2x_LUT2_38;interp128_all2x_LUT2_72,,FIR1级,FIR1级
LUT239,SLICE_X12Y57/ALUT,interp128_all2x_LUT1_71;interp128_all2x_LUT2_75,,FIR2/3级,FIR2/3级
LUT239,SLICE_X12Y57/BLUT,interp128_all2x_LUT2_73;interp128_all2x_LUT2_74,,FIR1级,FIR1级
LUT239,SLICE_X12Y57/CLUT,interp128_all2x_LUT6_13,,FIR1级,FIR1级
LUT239,SLICE_X12Y57/DLUT,interp128_all2x_LUT6_5,,FIR2/3级,FIR2/3级
LUT239,SLICE_X12Y58/ALUT,interp128_all2x_LUT2_30;interp128_all2x_LUT3_30,,FIR2/3级,FIR2/3级
LUT239,SLICE_X12Y58/BLUT,interp128_all2x_LUT2_76;interp128_all2x_LUT2_77,,FIR2/3级,FIR2/3级
LUT239,SLICE_X28Y53/ALUT,interp128_all2x_LUT1_112,,FIR1级,FIR1级
LUT239,SLICE_X28Y53/BLUT,issue_index[1]_i_1;issue_index[2]_i_1,2→4倍桥接量化,FIR1级,2→4倍桥接量化
LUT239,SLICE_X28Y54/ALUT,interp128_all2x_LUT3_31,,FIR1级,FIR1级
LUT239,SLICE_X28Y54/BLUT,y_out[1]_i_1;y_out[2]_i_1,2→4倍桥接量化,FIR1级,2→4倍桥接量化
LUT239,SLICE_X28Y54/CLUT,y_out[5]_i_1;y_out[6]_i_1,2→4倍桥接量化,FIR1级,2→4倍桥接量化
LUT239,SLICE_X28Y55/ALUT,y_out[10]_i_1;y_out[9]_i_1,2→4倍桥接量化,FIR1级,2→4倍桥接量化
LUT239,SLICE_X28Y55/BLUT,y_out[11]_i_1;y_out[12]_i_1,2→4倍桥接量化,FIR1级,2→4倍桥接量化
LUT239,SLICE_X28Y55/CLUT,y_out[3]_i_1;y_out[4]_i_1,2→4倍桥接量化,FIR1级,2→4倍桥接量化
LUT239,SLICE_X28Y55/DLUT,y_out[7]_i_1;y_out[8]_i_1,2→4倍桥接量化,FIR1级,2→4倍桥接量化
LUT239,SLICE_X28Y56/ALUT,interp128_all2x_LUT5_14,,2→4倍桥接量化;FIR1级;FIR2/3级,滤波器核心跨级/共享逻辑
LUT239,SLICE_X28Y56/BLUT,interp128_all2x_LUT5_16,,2→4倍桥接量化;FIR1级;FIR2/3级,滤波器核心跨级/共享逻辑
LUT239,SLICE_X28Y56/CLUT,interp128_all2x_LUT5_19,,2→4倍桥接量化;FIR1级;FIR2/3级,滤波器核心跨级/共享逻辑
LUT239,SLICE_X28Y56/DLUT,interp128_all2x_LUT5_21,,2→4倍桥接量化;FIR1级;FIR2/3级,滤波器核心跨级/共享逻辑
LUT239,SLICE_X28Y57/ALUT,interp128_all2x_LUT5_20,,2→4倍桥接量化;FIR1级;FIR2/3级,滤波器核心跨级/共享逻辑
LUT239,SLICE_X28Y57/BLUT,interp128_all2x_LUT5_22,,2→4倍桥接量化;FIR1级;FIR2/3级,滤波器核心跨级/共享逻辑
LUT239,SLICE_X28Y57/CLUT,interp128_all2x_LUT5_8,,2→4倍桥接量化;FIR1级;FIR2/3级,滤波器核心跨级/共享逻辑
LUT239,SLICE_X28Y57/DLUT,interp128_all2x_LUT5_9,,2→4倍桥接量化;FIR1级;FIR2/3级,滤波器核心跨级/共享逻辑
LUT239,SLICE_X28Y58/BLUT,interp128_all2x_LUT5_10,,2→4倍桥接量化;FIR1级;FIR2/3级,滤波器核心跨级/共享逻辑
LUT239,SLICE_X28Y58/CLUT,interp128_all2x_LUT5_11,,2→4倍桥接量化;FIR1级;FIR2/3级,滤波器核心跨级/共享逻辑
LUT239,SLICE_X28Y58/DLUT,interp128_all2x_LUT5_12,,2→4倍桥接量化;FIR1级;FIR2/3级,滤波器核心跨级/共享逻辑
LUT239,SLICE_X28Y59/ALUT,interp128_all2x_LUT1_113,,FIR1级,FIR1级
LUT239,SLICE_X28Y59/BLUT,y_out[17]_i_1;y_out[18]_i_1,2→4倍桥接量化,FIR1级,2→4倍桥接量化
LUT239,SLICE_X28Y59/CLUT,y_out[19]_i_1__0;y_out[20]_i_1,2→4倍桥接量化,FIR1级,2→4倍桥接量化
LUT239,SLICE_X28Y59/DLUT,y_out[21]_i_1;y_out[22]_i_1,2→4倍桥接量化,FIR1级,2→4倍桥接量化
LUT239,SLICE_X29Y53/ALUT,interp128_all2x_LUT5_24,,FIR1级,FIR1级
LUT239,SLICE_X29Y53/BLUT,interp128_all2x_LUT4_48,,FIR1级,FIR1级
LUT239,SLICE_X29Y53/CLUT,interp128_all2x_LUT2_31,,2→4倍桥接量化;FIR2/3级,滤波器核心跨级/共享逻辑
LUT239,SLICE_X29Y54/ALUT,interp128_all2x_LUT6_8,,FIR1级;FIR2/3级,滤波器核心跨级/共享逻辑
LUT239,SLICE_X30Y53/ALUT,interp128_all2x_LUT6_17,,FIR1级,FIR1级
LUT239,SLICE_X30Y53/BLUT,issue_index[3]_i_1;issue_index[4]_i_1,2→4倍桥接量化,FIR1级,2→4倍桥接量化
LUT239,SLICE_X30Y54/ALUT,interp128_all2x_LUT6_2,,FIR1级,FIR1级
LUT239,SLICE_X30Y54/BLUT,interp128_all2x_LUT6_21,,FIR2/3级,FIR2/3级
LUT239,SLICE_X30Y54/CLUT,interp128_all2x_LUT6_7,,FIR2/3级,FIR2/3级
LUT239,SLICE_X30Y54/DLUT,interp128_all2x_LUT5_23,,FIR1级,FIR1级
LUT239,SLICE_X30Y55/ALUT,interp128_all2x_LUT2_27;interp128_all2x_LUT4_46,,FIR2/3级;FIR共享系数存储,滤波器核心跨级/共享逻辑
LUT239,SLICE_X30Y55/BLUT,interp128_all2x_LUT3_21;interp128_all2x_LUT5_1,,FIR2/3级;FIR共享系数存储,滤波器核心跨级/共享逻辑
LUT239,SLICE_X30Y55/CLUT,interp128_all2x_LUT2_29;interp128_all2x_LUT2_37,,FIR1级;FIR2/3级,滤波器核心跨级/共享逻辑
LUT239,SLICE_X30Y55/DLUT,interp128_all2x_LUT5_30,,FIR2/3级;FIR共享系数存储,滤波器核心跨级/共享逻辑
LUT239,SLICE_X30Y56/ALUT,interp128_all2x_LUT5_15,,2→4倍桥接量化;FIR1级;FIR2/3级,滤波器核心跨级/共享逻辑
LUT239,SLICE_X30Y56/BLUT,interp128_all2x_LUT5_18,,2→4倍桥接量化;FIR1级;FIR2/3级,滤波器核心跨级/共享逻辑
LUT239,SLICE_X30Y56/CLUT,interp128_all2x_LUT5_4,,2→4倍桥接量化;FIR1级;FIR2/3级,滤波器核心跨级/共享逻辑
LUT239,SLICE_X30Y56/DLUT,interp128_all2x_LUT5_5,,2→4倍桥接量化;FIR1级;FIR2/3级,滤波器核心跨级/共享逻辑
LUT239,SLICE_X30Y57/ALUT,y_out[13]_i_1;y_out[14]_i_1,2→4倍桥接量化,FIR1级,2→4倍桥接量化
LUT239,SLICE_X30Y57/BLUT,y_out[15]_i_1;y_out[16]_i_1,2→4倍桥接量化,FIR1级,2→4倍桥接量化
LUT239,SLICE_X30Y57/CLUT,gen_primitive.u_stage1_history_ramb18e1_i_26;y_out[23]_i_1,2→4倍桥接量化,FIR1级,2→4倍桥接量化
LUT239,SLICE_X30Y57/DLUT,interp128_all2x_LUT2_34;interp128_all2x_LUT2_67,,FIR2/3级,FIR2/3级
LUT239,SLICE_X30Y58/ALUT,gen_primitive.u_stage23_history_ramb18e1_i_36;gen_primitive.u_stage23_history_ramb18e1_i_37,2→4倍桥接量化,2→4倍桥接量化;FIR1级;FIR2/3级,2→4倍桥接量化
LUT239,SLICE_X30Y58/BLUT,interp128_all2x_LUT1_75;interp128_all2x_LUT2_33,,2→4倍桥接量化;FIR2/3级,滤波器核心跨级/共享逻辑
LUT239,SLICE_X30Y58/CLUT,interp128_all2x_LUT5_13,,2→4倍桥接量化;FIR1级;FIR2/3级,滤波器核心跨级/共享逻辑
LUT239,SLICE_X30Y59/ALUT,interp128_all2x_LUT3_28,,2→4倍桥接量化;FIR1级;FIR2/3级,滤波器核心跨级/共享逻辑
LUT239,SLICE_X31Y53/ALUT,job_history_head[2]_i_1;stage2_head[2]_i_1,2→4倍桥接量化,FIR2/3级,2→4倍桥接量化
LUT239,SLICE_X31Y53/BLUT,stage2_head[3]_i_2;stage2_history_full_i_1,2→4倍桥接量化;FIR2/3级,FIR2/3级,滤波器核心跨级/共享逻辑
LUT239,SLICE_X31Y53/CLUT,interp128_all2x_LUT3_23;interp128_all2x_LUT5_2,,FIR2/3级,FIR2/3级
LUT239,SLICE_X31Y53/DLUT,interp128_all2x_LUT6_6,,FIR2/3级,FIR2/3级
LUT239,SLICE_X31Y54/ALUT,interp128_all2x_LUT2_36;interp128_all2x_LUT4_23,,FIR1级,FIR1级
LUT239,SLICE_X31Y54/DLUT,interp128_all2x_LUT6_12,,FIR2/3级,FIR2/3级
LUT239,SLICE_X31Y55/ALUT,gen_primitive.u_stage23_history_ramb18e1_i_33;gen_primitive.u_stage23_history_ramb18e1_i_34,2→4倍桥接量化,FIR2/3级,2→4倍桥接量化
LUT239,SLICE_X31Y55/BLUT,interp128_all2x_LUT6_10,,FIR2/3级,FIR2/3级
LUT239,SLICE_X31Y55/CLUT,interp128_all2x_LUT6_11,,FIR2/3级,FIR2/3级
LUT239,SLICE_X31Y55/DLUT,interp128_all2x_LUT6_15,,FIR2/3级,FIR2/3级
LUT239,SLICE_X31Y56/ALUT,job_mac_index[2]_i_1;job_mac_index[3]_i_3,2→4倍桥接量化,FIR2/3级,2→4倍桥接量化
LUT239,SLICE_X31Y56/BLUT,interp128_all2x_LUT5_17,,2→4倍桥接量化;FIR1级;FIR2/3级,滤波器核心跨级/共享逻辑
LUT239,SLICE_X31Y56/CLUT,interp128_all2x_LUT5_3,,2→4倍桥接量化;FIR1级;FIR2/3级,滤波器核心跨级/共享逻辑
LUT239,SLICE_X31Y56/DLUT,interp128_all2x_LUT3_26,,FIR2/3级,FIR2/3级
LUT239,SLICE_X31Y57/ALUT,job_result_pending_i_1;u_stage23_dsp48e1_i_14,2→4倍桥接量化;FIR2/3级,FIR2/3级,滤波器核心跨级/共享逻辑
LUT239,SLICE_X31Y57/BLUT,interp128_all2x_LUT5_6,,2→4倍桥接量化;FIR1级;FIR2/3级,滤波器核心跨级/共享逻辑
LUT239,SLICE_X31Y57/CLUT,interp128_all2x_LUT5_7,,2→4倍桥接量化;FIR1级;FIR2/3级,滤波器核心跨级/共享逻辑
LUT239,SLICE_X31Y57/DLUT,interp128_all2x_LUT3_24,,FIR2/3级,FIR2/3级
LUT239,SLICE_X31Y58/ALUT,interp128_all2x_LUT3_29,,2→4倍桥接量化;FIR2/3级,滤波器核心跨级/共享逻辑
LUT239,SLICE_X31Y58/BLUT,job_output_pending_i_1;job_saturation_pending_i_1,FIR2/3级,FIR2/3级,FIR2/3级
LUT239,SLICE_X32Y53/ALUT,interp128_all2x_LUT2_69,,FIR2/3级,FIR2/3级
LUT239,SLICE_X32Y53/BLUT,gen_primitive.u_stage23_history_ramb18e1_i_35;job_history_head[0]_i_1,2→4倍桥接量化,FIR2/3级,2→4倍桥接量化
LUT239,SLICE_X32Y54/ALUT,interp128_all2x_LUT3_25,,FIR2/3级,FIR2/3级
LUT239,SLICE_X32Y54/BLUT,job_history_head[3]_i_1;job_phase_i_2,2→4倍桥接量化,FIR2/3级,2→4倍桥接量化
LUT239,SLICE_X32Y54/CLUT,interp128_all2x_LUT3_20,,FIR2/3级,FIR2/3级
LUT239,SLICE_X32Y55/ALUT,gen_primitive.u_stage23_history_ramb18e1_i_31;gen_primitive.u_stage23_history_ramb18e1_i_32,2→4倍桥接量化,FIR2/3级,2→4倍桥接量化
LUT239,SLICE_X32Y55/BLUT,interp128_all2x_LUT6_3,,FIR2/3级,FIR2/3级
LUT239,SLICE_X32Y55/CLUT,interp128_all2x_LUT6_4,,FIR2/3级,FIR2/3级
LUT239,SLICE_X32Y55/DLUT,interp128_all2x_LUT6_9,,FIR2/3级,FIR2/3级
LUT239,SLICE_X32Y56/ALUT,job_mac_index[0]_i_1;job_mac_index[1]_i_1,2→4倍桥接量化,FIR2/3级,2→4倍桥接量化
LUT239,SLICE_X32Y56/BLUT,interp128_all2x_LUT3_22;interp128_all2x_LUT4_47,,FIR2/3级;FIR共享系数存储,滤波器核心跨级/共享逻辑
LUT239,SLICE_X32Y57/ALUT,interp128_all2x_LUT6_16,,FIR2/3级,FIR2/3级
LUT239,SLICE_X32Y57/BLUT,interp128_all2x_LUT2_70;interp128_all2x_LUT2_71,,FIR2/3级,FIR2/3级
LUT239,SLICE_X32Y58/ALUT,stage3_y_out_valid_i_1;u_stage23_dsp48e1_i_16,2→4倍桥接量化,FIR2/3级,2→4倍桥接量化
LUT239,SLICE_X33Y53/ALUT,interp128_all2x_LUT1_116,,FIR2/3级,FIR2/3级
LUT239,SLICE_X33Y53/BLUT,job_history_head[1]_i_1;stage2_head[1]_i_1,2→4倍桥接量化,FIR2/3级,2→4倍桥接量化
LUT239,SLICE_X33Y54/ALUT,stage3_head[0]_i_1;stage3_head[1]_i_1,2→4倍桥接量化,FIR2/3级,2→4倍桥接量化
LUT239,SLICE_X33Y54/BLUT,stage3_head[2]_i_1;stage3_head[3]_i_2,2→4倍桥接量化,FIR2/3级,2→4倍桥接量化
LUT239,SLICE_X33Y55/ALUT,interp128_all2x_LUT1_74,,FIR2/3级,FIR2/3级
LUT239,SLICE_X33Y55/BLUT,interp128_all2x_LUT2_32,,2→4倍桥接量化;FIR2/3级,滤波器核心跨级/共享逻辑
LUT239,SLICE_X33Y56/ALUT,stage2_pending_i_1;stage3_pending_i_1,FIR2/3级,FIR2/3级,FIR2/3级
LUT239,SLICE_X33Y57/ALUT,interp128_all2x_LUT5_25,,FIR2/3级,FIR2/3级
LUT239,SLICE_X34Y58/ALUT,interp128_all2x_LUT3_7;interp128_all2x_LUT3_9,,FIR2/3级,FIR2/3级
LUT239,SLICE_X34Y59/ALUT,interp128_all2x_LUT3_10;interp128_all2x_LUT3_11,,FIR2/3级,FIR2/3级
LUT239,SLICE_X36Y57/ALUT,interp128_all2x_LUT3_1;interp128_all2x_LUT3_15,,FIR2/3级,FIR2/3级
LUT239,SLICE_X36Y57/BLUT,interp128_all2x_LUT3_3;interp128_all2x_LUT3_5,,FIR2/3级,FIR2/3级
LUT239,SLICE_X36Y57/CLUT,interp128_all2x_LUT3_12;interp128_all2x_LUT3_14,,FIR2/3级,FIR2/3级
LUT239,SLICE_X36Y58/ALUT,interp128_all2x_LUT3_4;interp128_all2x_LUT3_6,,FIR2/3级,FIR2/3级
LUT239,SLICE_X37Y59/ALUT,comb_active_i_1;comb_stage_index_i_1,16倍CIC插值,16倍CIC插值;FIR2/3级,16倍CIC插值
LUT239,SLICE_X38Y56/ALUT,interp128_all2x_LUT4_30,,16倍CIC插值,16倍CIC插值
LUT239,SLICE_X38Y57/ALUT,interp128_all2x_LUT3;interp128_all2x_LUT3_18,,FIR2/3级,FIR2/3级
LUT239,SLICE_X38Y57/BLUT,interp128_all2x_LUT3_17;interp128_all2x_LUT3_2,,FIR2/3级,FIR2/3级
LUT239,SLICE_X38Y57/CLUT,interp128_all2x_LUT3_16;interp128_all2x_LUT3_8,,FIR2/3级,FIR2/3级
LUT239,SLICE_X38Y57/DLUT,interp128_all2x_LUT3_13,,FIR2/3级,FIR2/3级
LUT239,SLICE_X38Y59/ALUT,interp128_all2x_LUT2,,16倍CIC插值;FIR2/3级,16倍CIC插值
LUT239,SLICE_X39Y56/ALUT,interp128_all2x_LUT2_1;interp128_all2x_LUT4,,16倍CIC插值;FIR2/3级,16倍CIC插值
LUT239,SLICE_X39Y56/BLUT,interp128_all2x_LUT2_2;interp128_all2x_LUT4_1,,16倍CIC插值;FIR2/3级,16倍CIC插值
LUT239,SLICE_X39Y56/CLUT,interp128_all2x_LUT2_3;interp128_all2x_LUT4_2,,16倍CIC插值;FIR2/3级,16倍CIC插值
LUT239,SLICE_X39Y56/DLUT,interp128_all2x_LUT2_4;interp128_all2x_LUT4_3,,16倍CIC插值;FIR2/3级,16倍CIC插值
LUT239,SLICE_X39Y57/ALUT,interp128_all2x_LUT2_5;interp128_all2x_LUT4_4,,16倍CIC插值;FIR2/3级,16倍CIC插值
LUT239,SLICE_X39Y57/BLUT,interp128_all2x_LUT2_6;interp128_all2x_LUT4_5,,16倍CIC插值;FIR2/3级,16倍CIC插值
LUT239,SLICE_X39Y57/CLUT,interp128_all2x_LUT2_7;interp128_all2x_LUT4_6,,16倍CIC插值;FIR2/3级,16倍CIC插值
LUT239,SLICE_X39Y57/DLUT,interp128_all2x_LUT2_8;interp128_all2x_LUT4_7,,16倍CIC插值;FIR2/3级,16倍CIC插值
LUT239,SLICE_X39Y58/ALUT,interp128_all2x_LUT2_9;interp128_all2x_LUT4_8,,16倍CIC插值;FIR2/3级,16倍CIC插值
LUT239,SLICE_X39Y58/BLUT,interp128_all2x_LUT2_10;interp128_all2x_LUT4_9,,16倍CIC插值;FIR2/3级,16倍CIC插值
LUT239,SLICE_X39Y58/CLUT,interp128_all2x_LUT2_11;interp128_all2x_LUT4_10,,16倍CIC插值;FIR2/3级,16倍CIC插值
LUT239,SLICE_X39Y58/DLUT,interp128_all2x_LUT2_12;interp128_all2x_LUT4_11,,16倍CIC插值;FIR2/3级,16倍CIC插值
LUT239,SLICE_X39Y59/ALUT,interp128_all2x_LUT2_13;interp128_all2x_LUT4_12,,16倍CIC插值;FIR2/3级,16倍CIC插值
LUT239,SLICE_X39Y59/BLUT,interp128_all2x_LUT2_14;interp128_all2x_LUT4_13,,16倍CIC插值;FIR2/3级,16倍CIC插值
LUT239,SLICE_X39Y59/CLUT,interp128_all2x_LUT2_15;interp128_all2x_LUT4_14,,16倍CIC插值;FIR2/3级,16倍CIC插值
LUT239,SLICE_X39Y59/DLUT,interp128_all2x_LUT2_16;interp128_all2x_LUT4_15,,16倍CIC插值;FIR2/3级,16倍CIC插值
LUT239,SLICE_X39Y60/ALUT,interp128_all2x_LUT2_17;interp128_all2x_LUT4_16,,16倍CIC插值;FIR2/3级,16倍CIC插值
LUT239,SLICE_X39Y60/BLUT,interp128_all2x_LUT2_18;interp128_all2x_LUT4_17,,16倍CIC插值;FIR2/3级,16倍CIC插值
LUT239,SLICE_X39Y60/CLUT,interp128_all2x_LUT2_19;interp128_all2x_LUT4_18,,16倍CIC插值;FIR2/3级,16倍CIC插值
LUT239,SLICE_X39Y60/DLUT,interp128_all2x_LUT2_20;interp128_all2x_LUT4_19,,16倍CIC插值;FIR2/3级,16倍CIC插值
LUT239,SLICE_X39Y61/ALUT,interp128_all2x_LUT2_21;interp128_all2x_LUT4_20,,16倍CIC插值;FIR2/3级,16倍CIC插值
LUT239,SLICE_X39Y61/BLUT,interp128_all2x_LUT2_22;interp128_all2x_LUT4_21,,16倍CIC插值;FIR2/3级,16倍CIC插值
LUT239,SLICE_X39Y61/CLUT,interp128_all2x_LUT4_22,,16倍CIC插值;FIR2/3级,16倍CIC插值
LUT239,SLICE_X40Y56/ALUT,interp128_all2x_LUT4_25,,16倍CIC插值,16倍CIC插值
LUT239,SLICE_X40Y56/BLUT,interp128_all2x_LUT4_28,,16倍CIC插值,16倍CIC插值
LUT239,SLICE_X40Y56/CLUT,interp128_all2x_LUT4_29,,16倍CIC插值,16倍CIC插值
LUT239,SLICE_X40Y56/DLUT,interp128_all2x_LUT4_31,,16倍CIC插值,16倍CIC插值
LUT239,SLICE_X40Y59/ALUT,interp128_all2x_LUT5,,16倍CIC插值,16倍CIC插值
LUT239,SLICE_X40Y60/ALUT,interp128_all2x_LUT4_43,,16倍CIC插值,16倍CIC插值
LUT239,SLICE_X40Y60/BLUT,interp128_all2x_LUT3_19,,16倍CIC插值,16倍CIC插值
LUT239,SLICE_X41Y59/ALUT,burst_remaining[0]_i_1;burst_remaining[1]_i_1,,16倍CIC插值,16倍CIC插值
LUT239,SLICE_X41Y59/BLUT,burst_remaining[2]_i_1;burst_remaining[3]_i_2,,16倍CIC插值,16倍CIC插值
LUT239,SLICE_X41Y59/CLUT,interp128_all2x_LUT6,,16倍CIC插值,16倍CIC插值
LUT239,SLICE_X41Y59/DLUT,interp128_all2x_LUT6_1,,16倍CIC插值,16倍CIC插值
LUT239,SLICE_X42Y59/ALUT,interp128_all2x_LUT4_36,,16倍CIC插值,16倍CIC插值
LUT239,SLICE_X42Y59/BLUT,interp128_all2x_LUT4_38,,16倍CIC插值,16倍CIC插值
LUT239,SLICE_X42Y61/ALUT,interp128_all2x_LUT4_45,,16倍CIC插值,16倍CIC插值
LUT239,SLICE_X43Y56/ALUT,interp128_all2x_LUT4_24,,16倍CIC插值,16倍CIC插值
LUT239,SLICE_X43Y56/BLUT,interp128_all2x_LUT4_26,,16倍CIC插值,16倍CIC插值
LUT239,SLICE_X43Y56/CLUT,interp128_all2x_LUT4_27,,16倍CIC插值,16倍CIC插值
LUT239,SLICE_X43Y57/ALUT,interp128_all2x_LUT4_33,,16倍CIC插值,16倍CIC插值
LUT239,SLICE_X43Y57/BLUT,interp128_all2x_LUT4_35,,16倍CIC插值,16倍CIC插值
LUT239,SLICE_X43Y58/ALUT,interp128_all2x_LUT4_32,,16倍CIC插值,16倍CIC插值
LUT239,SLICE_X43Y58/BLUT,interp128_all2x_LUT4_34,,16倍CIC插值,16倍CIC插值
LUT239,SLICE_X43Y58/CLUT,interp128_all2x_LUT4_37,,16倍CIC插值,16倍CIC插值
LUT239,SLICE_X43Y58/DLUT,interp128_all2x_LUT4_39,,16倍CIC插值,16倍CIC插值
LUT239,SLICE_X43Y59/ALUT,interp128_all2x_LUT4_40,,16倍CIC插值,16倍CIC插值
LUT239,SLICE_X43Y59/BLUT,interp128_all2x_LUT4_41,,16倍CIC插值,16倍CIC插值
LUT239,SLICE_X43Y59/CLUT,interp128_all2x_LUT4_42,,16倍CIC插值,16倍CIC插值
LUT239,SLICE_X43Y60/ALUT,interp128_all2x_LUT2_23;interp128_all2x_LUT2_24,,16倍CIC插值,16倍CIC插值
LUT239,SLICE_X43Y61/ALUT,interp128_all2x_LUT4_44,,16倍CIC插值,16倍CIC插值
LUT239,SLICE_X44Y54/ALUT,interp128_all2x_LUT2_68,,FIR1级,FIR1级
LUT239,SLICE_X44Y61/ALUT,interp128_all2x_LUT2_65,,16倍CIC插值,16倍CIC插值
LUT239,SLICE_X44Y61/BLUT,interp128_all2x_LUT2_66,,16倍CIC插值,16倍CIC插值
LUT239,SLICE_X45Y60/DLUT,interp128_all2x_LUT1_67,,16倍CIC插值,16倍CIC插值
LUT239,SLICE_X45Y61/ALUT,interp128_all2x_LUT2_25,,16倍CIC插值,16倍CIC插值
LUT239,SLICE_X45Y61/BLUT,interp128_all2x_LUT2_26,,16倍CIC插值,16倍CIC插值
LUT239,SLICE_X48Y53/ALUT,interp128_all2x_LUT5_29,,FIR1级,FIR1级
LUT239,SLICE_X48Y54/ALUT,wr_ptr[0]_i_1;wr_ptr[1]_i_1,2→4倍桥接量化,FIR1级,2→4倍桥接量化
LUT239,SLICE_X48Y54/BLUT,wr_ptr[2]_i_1;wr_ptr[3]_i_1,2→4倍桥接量化,FIR1级,2→4倍桥接量化
LUT239,SLICE_X48Y54/CLUT,wr_ptr[4]_i_1;wr_ptr[5]_i_2,2→4倍桥接量化,FIR1级,2→4倍桥接量化
LUT239,SLICE_X48Y54/DLUT,interp128_all2x_LUT2_52;interp128_all2x_LUT2_53,,FIR1级,FIR1级
LUT239,SLICE_X48Y55/ALUT,read_addr[0]_i_1;read_addr[1]_i_1,2→4倍桥接量化,FIR1级,2→4倍桥接量化
LUT239,SLICE_X48Y55/BLUT,interp128_all2x_LUT2_43;interp128_all2x_LUT2_44,,FIR1级,FIR1级
LUT239,SLICE_X48Y55/CLUT,interp128_all2x_LUT2_45;interp128_all2x_LUT2_61,,FIR1级,FIR1级
LUT239,SLICE_X48Y55/DLUT,interp128_all2x_LUT2_60;interp128_all2x_LUT2_62,,FIR1级,FIR1级
LUT239,SLICE_X48Y56/ALUT,interp128_all2x_LUT2_40;interp128_all2x_LUT2_50,,FIR1级,FIR1级
LUT239,SLICE_X48Y56/BLUT,interp128_all2x_LUT2_42;interp128_all2x_LUT2_58,,FIR1级,FIR1级
LUT239,SLICE_X48Y56/CLUT,interp128_all2x_LUT2_46;interp128_all2x_LUT2_56,,FIR1级,FIR1级
LUT239,SLICE_X48Y56/DLUT,interp128_all2x_LUT2_49;interp128_all2x_LUT2_54,,FIR1级,FIR1级
LUT239,SLICE_X48Y57/ALUT,interp128_all2x_LUT2_39;interp128_all2x_LUT2_41,,FIR1级,FIR1级
LUT239,SLICE_X48Y57/BLUT,interp128_all2x_LUT2_47;interp128_all2x_LUT2_55,,FIR1级,FIR1级
LUT239,SLICE_X48Y57/CLUT,interp128_all2x_LUT2_48;interp128_all2x_LUT2_57,,FIR1级,FIR1级
LUT239,SLICE_X48Y57/DLUT,interp128_all2x_LUT1_121;interp128_all2x_LUT2_63,,16倍CIC插值;2→4倍桥接量化;FIR1级;FIR2/3级,滤波器核心跨级/共享逻辑
LUT239,SLICE_X49Y54/ALUT,interp128_all2x_LUT6_14,,FIR1级,FIR1级
LUT239,SLICE_X49Y54/BLUT,interp128_all2x_LUT6_20,,FIR1级,FIR1级
LUT239,SLICE_X49Y54/CLUT,scan_exhausted_i_2;wr_ptr[5]_i_3,2→4倍桥接量化,FIR1级,2→4倍桥接量化
LUT239,SLICE_X49Y54/DLUT,interp128_all2x_LUT2_64,,FIR1级,FIR1级
LUT239,SLICE_X49Y55/ALUT,interp128_all2x_LUT5_27,,FIR1级,FIR1级
LUT239,SLICE_X49Y55/BLUT,interp128_all2x_LUT6_18,,FIR1级,FIR1级
LUT239,SLICE_X49Y55/CLUT,interp128_all2x_LUT6_19,,FIR1级,FIR1级
LUT239,SLICE_X49Y55/DLUT,interp128_all2x_LUT4_50,,FIR1级,FIR1级
LUT239,SLICE_X49Y56/ALUT,interp128_all2x_LUT4_51,,FIR1级,FIR1级
LUT239,SLICE_X49Y56/BLUT,interp128_all2x_LUT5_28,,FIR1级,FIR1级
LUT239,SLICE_X49Y56/CLUT,interp128_all2x_LUT2_51;interp128_all2x_LUT2_59,,FIR1级,FIR1级
LUT239,SLICE_X54Y55/ALUT,interp128_all2x_LUT4_49,,16倍CIC插值,16倍CIC插值
LUT239,SLICE_X54Y55/BLUT,interp128_all2x_LUT3_27,,16倍CIC插值,16倍CIC插值
LUT239,SLICE_X54Y56/ALUT,interp128_all2x_LUT5_26,,16倍CIC插值,16倍CIC插值
LUT239,SLICE_X55Y56/ALUT,y_out[0]_i_1__0;y_out[19]_i_3,2→4倍桥接量化,16倍CIC插值,2→4倍桥接量化
LUT239,SLICE_X55Y56/BLUT,y_out[1]_i_1__0;y_out[2]_i_1__0,2→4倍桥接量化,16倍CIC插值,2→4倍桥接量化
LUT239,SLICE_X55Y57/ALUT,y_out[3]_i_1__0;y_out[4]_i_1__0,2→4倍桥接量化,16倍CIC插值,2→4倍桥接量化
LUT239,SLICE_X55Y57/BLUT,y_out[5]_i_1__0;y_out[6]_i_1__0,2→4倍桥接量化,16倍CIC插值,2→4倍桥接量化
LUT239,SLICE_X55Y58/ALUT,y_out[10]_i_1__0;y_out[9]_i_1__0,2→4倍桥接量化,16倍CIC插值,2→4倍桥接量化
LUT239,SLICE_X55Y58/BLUT,y_out[7]_i_1__0;y_out[8]_i_1__0,2→4倍桥接量化,16倍CIC插值,2→4倍桥接量化
LUT239,SLICE_X55Y59/ALUT,y_out[11]_i_1__0;y_out[12]_i_1__0,2→4倍桥接量化,16倍CIC插值,2→4倍桥接量化
LUT239,SLICE_X55Y59/BLUT,y_out[13]_i_1__0;y_out[14]_i_1__0,2→4倍桥接量化,16倍CIC插值,2→4倍桥接量化
LUT239,SLICE_X55Y59/CLUT,y_out[15]_i_1__0;y_out[16]_i_1__0,2→4倍桥接量化,16倍CIC插值,2→4倍桥接量化
LUT239,SLICE_X55Y60/ALUT,y_out[17]_i_1__0;y_out[18]_i_1__0,2→4倍桥接量化,16倍CIC插值,2→4倍桥接量化
