SOURCE,TAPS,STOP_WEIGHT,MAX_COEFF_INT,REQUIRED_COEFF_W,PHASE0_MAC_TASKS,PHASE1_MAC_TASKS,DEADLINE_MARGIN_AUDIO_CYCLES,WORST_ABS_PASS_DB,WORST_128X_STOP_DB,WORST_ABS_DC_DB,WORST_MODE_DELTA_DB,SYMMETRY_ERROR,COEFF_FIT,FREQUENCY_PASS,SCHEDULE_PASS,PASS,BITTRUE_EVALUATED,BITTRUE_PASS,BITTRUE_MAX_STAGE3_SAT_DELTA,BITTRUE_MAX_CIC_SAT_DELTA,BITTRUE_MIN_SNR_DB,BITTRUE_FAIL_CASES
mechanical_convolution_q15,13,NaN,35208,17,7,6,6,0.00521326122803774,72.3696164719169,0.00265093350268335,0.00106035398265463,0,1,1,1,1,0,0,NaN,NaN,NaN,
legacy_phase7_seed,11,0.01,35604,17,6,5,7,0.00350203132065557,72.3660941708154,0.00265093350267563,7.71605002114484e-15,0,1,1,1,1,1,0,0,2,28.9623634264117,tone_m1_44k1
legacy_phase7_seed_trim_0.99975,11,0.99975,35595,17,6,5,7,0.0050535852537353,72.368366269954,0.00384398648161046,0.00225340696158174,0,1,1,1,1,1,0,0,2,29.8946401380419,tone_m1_44k1
legacy_phase7_seed_trim_0.9995,11,0.9995,35586,17,6,5,7,0.00708658634371235,72.370446861131,0.00583277234578225,0.00424219282575353,0,1,1,1,1,1,0,0,1,29.8708798065222,tone_m1_44k1
legacy_phase7_seed_trim_0.99945,11,0.99945,35584,17,6,5,7,0.0076053803324778,72.3709505501117,0.00636319215836145,0.00477261263833273,0,1,1,1,1,1,1,0,0,29.8644355609863,
legacy_phase7_seed_trim_0.9994,11,0.9994,35583,17,6,5,7,0.00779626280734358,72.3712088121478,0.00649580217275146,0.00490522265272274,0,1,1,1,1,0,0,NaN,NaN,NaN,
legacy_phase7_seed_trim_0.99935,11,0.99935,35581,17,6,5,7,0.0083150991869218,72.3717125453176,0.00702626247724055,0.00543568295721183,0,1,1,1,1,0,0,NaN,NaN,NaN,
legacy_phase7_seed_trim_0.9993,11,0.9993,35579,17,6,5,7,0.0088339665601323,72.3722163076998,0.0075567551797048,0.00596617565967608,0,1,1,1,1,0,0,NaN,NaN,NaN,
legacy_phase7_seed_trim_0.99925,11,0.99925,35577,17,6,5,7,0.00935286493067726,72.3727200993032,0.00808728028412215,0.00649670076409343,0,1,1,1,1,0,0,NaN,NaN,NaN,
legacy_phase7_seed_trim_0.9992,11,0.9992,35576,17,6,5,7,0.00974012268974466,72.3730935211021,0.00848519537858967,0.00689461585856095,0,1,1,1,1,0,0,NaN,NaN,NaN,
legacy_phase7_seed_trim_0.99915,11,0.99915,35574,17,6,5,7,0.0100627265912447,72.3734822497694,0.00875048223590155,0.00715990271587283,0,1,1,1,1,0,0,NaN,NaN,NaN,
legacy_phase7_seed_trim_0.9991,11,0.9991,35572,17,6,5,7,0.0106732713830951,72.3739127026163,0.00954639142609194,0.00795581190606322,0,1,1,1,1,0,0,NaN,NaN,NaN,
legacy_phase7_seed_trim_0.999,11,0.999,35568,17,6,5,7,0.0114784541644707,72.3747283146869,0.0103423735540807,0.00875179403405201,0,1,0,1,0,0,0,NaN,NaN,NaN,
legacy_phase7_seed_trim_0.998,11,0.998,35533,17,6,5,7,0.0201867755146938,72.3835063766799,0.0189701920510518,0.017379612531023,0,1,0,1,0,0,0,NaN,NaN,NaN,
joint_ls_t11_w0,11,0,16588477,25,6,5,7,0.00350203132065557,-49.3561360827498,0.00265093350267563,0.00185530804812064,0,0,0,1,0,0,0,NaN,NaN,NaN,
joint_ls_t11_w1e-06,11,1e-06,92013,18,6,5,7,0.00675154960532049,32.6871025870817,0.00265093350267563,0.00172279918625846,0,1,0,1,0,0,0,NaN,NaN,NaN,
joint_ls_t11_w1e-05,11,1e-05,85246,18,6,5,7,0.00657514101194781,33.1118878997027,0.00265093350267563,0.00132526047129511,0,1,0,1,0,0,0,NaN,NaN,NaN,
joint_ls_t11_w0.0001,11,0.0001,52761,17,6,5,7,0.00488922332289022,36.8110163599793,0.00265093350267563,0.00145777539793293,0,1,0,1,0,0,0,NaN,NaN,NaN,
joint_ls_t11_w0.001,11,0.001,23000,16,6,5,7,0.00393352595851663,49.8687472454748,0.00265093350267563,0.001855308048084,0,1,0,1,0,0,0,NaN,NaN,NaN,
joint_ls_t11_w0.01,11,0.01,34015,17,6,5,7,0.0035318834952214,69.2661149986241,0.00265093350267563,0.00119274352292919,0,1,0,1,0,0,0,NaN,NaN,NaN,
joint_ls_t11_w0.1,11,0.1,35834,17,6,5,7,0.00355365249294008,72.3649090710737,0.00265093350267563,0.00132526047128451,0,1,1,1,1,1,0,0,2,28.9836327655777,tone_m1_44k1
joint_ls_t11_w1,11,1,36019,17,6,5,7,0.00394254447686347,72.3646082062087,0.00265093350267563,0.00172279918626039,0,1,1,1,1,1,0,0,2,28.9901512318348,tone_m1_44k1
joint_ls_t11_w10,11,10,36035,17,6,5,7,0.00368503435535889,72.3648180334952,0.00265093350267563,0.00145777539792039,0,1,1,1,1,1,0,0,2,28.9856387373817,tone_m1_44k1
joint_ls_t13_w0,13,0,5478268,24,7,6,6,0.00350203132065557,-34.5728119419671,0.00265093350267563,0.00159028830289372,0,0,0,1,0,0,0,NaN,NaN,NaN,
joint_ls_t13_w1e-06,13,1e-06,114179,18,7,6,6,0.00672946656442742,27.8059893920948,0.00265093350267563,0.00172279918625267,0,1,0,1,0,0,0,NaN,NaN,NaN,
joint_ls_t13_w1e-05,13,1e-05,31368,16,7,6,6,0.00677161227331204,48.4377244643167,0.00265093350267563,0.00159028830288793,0,1,0,1,0,0,0,NaN,NaN,NaN,
joint_ls_t13_w0.0001,13,0.0001,39011,17,7,6,6,0.00677893913205754,72.3739778835256,0.00265093350267563,0.0019878148884301,0,1,1,1,1,0,0,NaN,NaN,NaN,
joint_ls_t13_w0.001,13,0.001,39761,17,7,6,6,0.00689949234353785,69.4938591604906,0.00265093350267563,0.0015902883028889,0,1,0,1,0,0,0,NaN,NaN,NaN,
joint_ls_t13_w0.01,13,0.01,39686,17,7,6,6,0.00676510230838809,68.9104777141758,0.00265093350267563,0.00132526047129801,0,1,0,1,0,0,0,NaN,NaN,NaN,
joint_ls_t13_w0.1,13,0.1,38240,17,7,6,6,0.00657758624183232,68.8876688939555,0.00265093350267563,0.0017227991862546,0,1,0,1,0,0,0,NaN,NaN,NaN,
joint_ls_t13_w1,13,1,28094,16,7,6,6,0.00534674984676283,71.705715252195,0.00265093350267563,0.00172279918624689,0,1,1,1,1,0,0,NaN,NaN,NaN,
joint_ls_t13_w10,13,10,22608,16,7,6,6,0.00356209433013703,72.3668727892059,0.00265093350267563,0.00159028830287829,0,1,1,1,1,0,0,NaN,NaN,NaN,
joint_ls_t15_w0,15,0,1360375,22,8,7,5,0.00350203132065557,-25.9176555394633,0.00265093350267563,0.00172279918624303,0,0,0,1,0,0,0,NaN,NaN,NaN,
joint_ls_t15_w1e-06,15,1e-06,4540721,24,8,7,5,0.00350203132065557,23.6676280710149,0.00265093350267563,0.00172279918625267,0,0,0,1,0,0,0,NaN,NaN,NaN,
joint_ls_t15_w1e-05,15,1e-05,4286869,24,8,7,5,0.00350203132065557,24.066499977448,0.00265093350267563,0.00145777539792232,0,0,0,1,0,0,0,NaN,NaN,NaN,
joint_ls_t15_w0.0001,15,0.0001,2744400,23,8,7,5,0.00350203132065557,27.9386314321481,0.00265093350267563,0.00132526047129511,0,0,0,1,0,0,0,NaN,NaN,NaN,
joint_ls_t15_w0.001,15,0.001,601150,21,8,7,5,0.00590824682671459,41.2060955260895,0.00265093350267563,0.00132526047130476,0,0,0,1,0,0,0,NaN,NaN,NaN,
joint_ls_t15_w0.01,15,0.01,73792,18,8,7,5,0.00673993524008636,60.1770532996559,0.00265093350267563,0.001855308048084,0,1,0,1,0,0,0,NaN,NaN,NaN,
joint_ls_t15_w0.1,15,0.1,16228,15,8,7,5,0.00688317861166647,72.3740169293878,0.00265093350267563,0.00159028830289372,0,1,1,1,1,0,0,NaN,NaN,NaN,
joint_ls_t15_w1,15,1,20294,16,8,7,5,0.00693268872534745,72.3740770811808,0.00265093350267563,0.00145777539791846,0,1,1,1,1,0,0,NaN,NaN,NaN,
joint_ls_t15_w10,15,10,20761,16,8,7,5,0.00666585158519945,72.3738288275362,0.00265093350267563,0.00185530804809172,0,1,1,1,1,0,0,NaN,NaN,NaN,
joint_ls_t17_w0,17,0,1387070,22,9,8,4,0.00350203132065557,-25.8113177412176,0.00265093350267563,0.00159028830288793,0,0,0,1,0,0,0,NaN,NaN,NaN,
joint_ls_t17_w1e-06,17,1e-06,1069291,22,9,8,4,0.00350203132065557,32.5066407974673,0.00265093350267563,0.00145777539792714,0,0,0,1,0,0,0,NaN,NaN,NaN,
joint_ls_t17_w1e-05,17,1e-05,1878987,22,9,8,4,0.00350203132065557,44.6381910897702,0.00265093350267563,0.00145777539792425,0,0,0,1,0,0,0,NaN,NaN,NaN,
joint_ls_t17_w0.0001,17,0.0001,2013268,22,9,8,4,0.00350203132065557,44.4051258491108,0.00265093350267563,0.00159028830289083,0,0,0,1,0,0,0,NaN,NaN,NaN,
joint_ls_t17_w0.001,17,0.001,2026751,22,9,8,4,0.00350203132065557,44.3842503780521,0.00265093350267563,0.00145777539792136,0,0,0,1,0,0,0,NaN,NaN,NaN,
joint_ls_t17_w0.01,17,0.01,2019778,22,9,8,4,0.00350203132065557,44.4182342939437,0.00265093350267563,0.00132526047128933,0,0,0,1,0,0,0,NaN,NaN,NaN,
joint_ls_t17_w0.1,17,0.1,1939490,22,9,8,4,0.00350203132065557,44.7743161489968,0.00265093350267563,0.00159028830288118,0,0,0,1,0,0,0,NaN,NaN,NaN,
joint_ls_t17_w1,17,1,1388596,22,9,8,4,0.00350203132065557,47.7104127268588,0.00265093350267563,0.00132526047129318,0,0,0,1,0,0,0,NaN,NaN,NaN,
joint_ls_t17_w10,17,10,371300,20,9,8,4,0.0056150432996006,59.5006590503063,0.00265093350267563,0.00132526047129511,0,0,0,1,0,0,0,NaN,NaN,NaN,
